Task_Start_Time,CPU_Utilization (%),Memory_Consumption (MB),Task_Execution_Time (ms),System_Throughput (tasks/sec),Number_of_Active_Users,Network_Bandwidth_Utilization (Mbps),Job_Priority,Scheduler_Type,Resource_Allocation_Type
01-01-2024 00:00,39.96,3622,2734,9.03,3000,112.97,Low,FCFS,Static
01-01-2024 00:01,86.06,5690,2868,8.03,4590,329.2,Low,Priority-Based,Dynamic
01-01-2024 00:02,68.56,5075,1311,5.69,3780,542.82,Low,Priority-Based,Static
01-01-2024 00:03,57.89,7686,875,4.51,4474,973.94,Medium,Priority-Based,Dynamic
01-01-2024 00:04,22.48,2297,1260,6.38,1981,405.38,Low,FCFS,Static
01-01-2024 00:05,22.48,2631,2483,4.72,3471,227.84,Low,ASB-Dynamic-CapsNet,Static
01-01-2024 00:06,14.65,7822,2754,2.84,2040,175.13,High,FCFS,Static
01-01-2024 00:07,79.29,7208,3640,6.95,4915,181.31,Low,Priority-Based,Dynamic
01-01-2024 00:08,58.09,7262,4797,8.8,3906,200.67,Low,Priority-Based,Static
01-01-2024 00:09,66.65,7000,4735,4.04,1532,764.64,Medium,Priority-Based,Dynamic
01-01-2024 00:10,11.65,1315,1195,8.49,2595,70.42,Low,Priority-Based,Dynamic
01-01-2024 00:11,87.59,3194,123,4.6,4270,997.43,Medium,Round Robin,Static
01-01-2024 00:12,76.6,942,4819,4.31,4349,527.46,High,Priority-Based,Static
01-01-2024 00:13,26.99,3640,3656,0.77,2865,548.83,High,FCFS,Static
01-01-2024 00:14,24.55,7166,1179,7.11,692,363.99,Medium,Round Robin,Static
01-01-2024 00:15,24.67,642,4418,8.17,4735,693.35,Low,ASB-Dynamic-CapsNet,Dynamic
01-01-2024 00:16,34.34,4787,278,6.8,3968,476.74,Medium,FCFS,Dynamic
01-01-2024 00:17,51.98,1910,2947,1.94,1636,335.77,Low,FCFS,Dynamic
01-01-2024 00:18,44.56,4973,2060,1.48,2459,272.49,Low,ASB-Dynamic-CapsNet,Static
01-01-2024 00:19,33.3,7224,1573,5.94,3899,926.39,Low,FCFS,Static
01-01-2024 00:20,58.95,1034,4988,4.31,104,298.08,Medium,Round Robin,Static
01-01-2024 00:21,21.16,2216,1312,4.58,891,442.03,High,ASB-Dynamic-CapsNet,Static
01-01-2024 00:22,33.37,3864,909,9.69,4637,356.84,Medium,Round Robin,Dynamic
01-01-2024 00:23,39.31,1532,519,7.38,1034,95.32,Low,Priority-Based,Dynamic
01-01-2024 00:24,46.49,3842,3759,4.41,2670,194.08,Medium,ASB-Dynamic-CapsNet,Dynamic
01-01-2024 00:25,72.81,1910,3916,0.68,2956,197.61,High,Round Robin,Static
01-01-2024 00:26,25.97,6736,1378,0.82,2044,696.71,Medium,Priority-Based,Static
01-01-2024 00:27,51.14,6585,2623,7.01,1982,412.52,High,Round Robin,Static
01-01-2024 00:28,57.39,7172,1540,8.46,2322,784.15,High,Round Robin,Static
01-01-2024 00:29,13.72,5773,1440,7.22,152,711.86,Low,FCFS,Static
01-01-2024 00:30,58.6,5000,2321,4.36,1019,200.13,High,Priority-Based,Dynamic
01-01-2024 00:31,23.64,7483,2492,0.8,1121,567.29,Medium,FCFS,Static
01-01-2024 00:32,15.2,1672,1461,9.69,786,745.48,Medium,Priority-Based,Dynamic
01-01-2024 00:33,85.91,1388,691,9.87,1415,636.71,Low,Priority-Based,Static
01-01-2024 00:34,87.25,3838,626,5.72,3680,604.02,Medium,FCFS,Dynamic
01-01-2024 00:35,74.67,5017,2603,1.17,277,742.21,Low,FCFS,Static
01-01-2024 00:36,34.37,2141,1392,5.64,3620,66.21,Medium,FCFS,Static
01-01-2024 00:37,17.81,971,1754,8.98,494,734.11,Medium,Priority-Based,Dynamic
01-01-2024 00:38,64.74,3440,287,6.96,1669,279.93,High,Priority-Based,Static
01-01-2024 00:39,45.21,1046,2858,7.34,4743,576.15,High,Priority-Based,Static
01-01-2024 00:40,19.76,5226,628,1.31,2254,249.88,High,Priority-Based,Static
01-01-2024 00:41,49.61,4097,533,1.51,2753,840.43,Medium,Priority-Based,Dynamic
01-01-2024 00:42,12.75,5633,3612,1.71,3100,485.75,Low,Priority-Based,Static
01-01-2024 00:43,82.75,3325,1904,9.09,3552,646.51,Low,Round Robin,Static
01-01-2024 00:44,30.7,4223,402,5.5,3676,796.14,Low,FCFS,Static
01-01-2024 00:45,63,6425,4282,8.02,1231,896.36,High,Priority-Based,Static
01-01-2024 00:46,34.94,863,537,1.6,3306,734.74,Medium,Round Robin,Static
01-01-2024 00:47,51.61,2666,2688,9.31,847,157.28,High,ASB-Dynamic-CapsNet,Dynamic
01-01-2024 00:48,53.74,3809,932,8.3,884,855.99,Medium,Round Robin,Dynamic
01-01-2024 00:49,24.79,1045,896,2.64,3049,622.39,Medium,FCFS,Dynamic
01-01-2024 00:50,87.57,3740,659,8.8,2082,613.36,Medium,ASB-Dynamic-CapsNet,Dynamic
01-01-2024 00:51,72.01,7165,3688,3,4502,922.13,High,Priority-Based,Static
01-01-2024 00:52,85.16,5229,861,2.45,2814,256.34,Medium,FCFS,Static
01-01-2024 00:53,81.59,2436,3674,3.01,2459,247.19,High,ASB-Dynamic-CapsNet,Dynamic
01-01-2024 00:54,57.83,6276,3885,9.14,3734,518.06,High,Round Robin,Dynamic
01-01-2024 00:55,83.75,1462,2614,9.2,3325,753.35,Medium,ASB-Dynamic-CapsNet,Dynamic
01-01-2024 00:56,17.08,3505,784,3.63,57,452.77,Medium,FCFS,Dynamic
01-01-2024 00:57,25.68,4306,4333,7.2,2569,637.55,Medium,ASB-Dynamic-CapsNet,Dynamic
01-01-2024 00:58,13.62,1382,677,6.92,2269,458,High,Round Robin,Static
01-01-2024 00:59,36.03,4340,4905,8.16,3924,614.28,Medium,ASB-Dynamic-CapsNet,Dynamic
01-01-2024 01:00,41.09,7423,327,3.32,3778,824.04,Medium,Round Robin,Static
01-01-2024 01:01,31.71,1370,2428,5.35,3379,188.67,Low,ASB-Dynamic-CapsNet,Static
01-01-2024 01:02,76.3,5111,2831,6.84,3421,698.42,Low,Round Robin,Dynamic
01-01-2024 01:03,38.54,3485,927,0.75,663,789.55,Low,Round Robin,Static
01-01-2024 01:04,32.47,6016,530,4.08,738,452.64,Medium,Round Robin,Static
01-01-2024 01:05,53.42,1365,1163,7.11,947,330,High,Priority-Based,Static
01-01-2024 01:06,21.27,6749,1809,2.9,159,23.41,Low,Round Robin,Static
01-01-2024 01:07,74.18,5704,1334,9.6,4855,799.13,High,FCFS,Dynamic
01-01-2024 01:08,15.96,4809,401,0.79,3062,334.66,Low,Round Robin,Static
01-01-2024 01:09,88.95,7788,1520,9.6,2968,363.74,Low,Priority-Based,Static
01-01-2024 01:10,71.78,3703,4728,2.56,1210,342.65,High,Priority-Based,Dynamic
01-01-2024 01:11,25.9,3397,868,0.96,4031,503.75,Low,FCFS,Dynamic
01-01-2024 01:12,10.44,2744,1504,3.28,3660,705.47,High,Round Robin,Dynamic
01-01-2024 01:13,75.24,518,543,7.97,4794,774.14,Medium,Priority-Based,Static
01-01-2024 01:14,66.55,1141,3204,7.65,2053,398.65,Medium,Priority-Based,Dynamic
01-01-2024 01:15,68.32,3583,4455,2.48,1577,666.47,High,ASB-Dynamic-CapsNet,Static
01-01-2024 01:16,71.7,5700,3405,2.37,1963,723.48,High,ASB-Dynamic-CapsNet,Dynamic
01-01-2024 01:17,15.92,829,1638,6.6,4391,303.95,Medium,FCFS,Static
01-01-2024 01:18,38.68,1365,4030,4.85,3231,105.66,High,ASB-Dynamic-CapsNet,Dynamic
01-01-2024 01:19,19.27,1273,1431,8.03,4943,895.72,Medium,Round Robin,Dynamic
01-01-2024 01:20,79.05,4987,169,0.73,3396,680.34,Medium,ASB-Dynamic-CapsNet,Static
01-01-2024 01:21,59.86,5232,3535,6.3,2913,651.63,High,Priority-Based,Dynamic
01-01-2024 01:22,36.47,2854,580,7.44,4660,68.31,Low,FCFS,Dynamic
01-01-2024 01:23,15.08,3838,4194,9.94,555,819.69,High,ASB-Dynamic-CapsNet,Static
01-01-2024 01:24,34.88,4018,3596,6.95,4300,570.39,Medium,FCFS,Dynamic
01-01-2024 01:25,36.01,3442,2893,2.7,2056,849.41,Low,Round Robin,Dynamic
01-01-2024 01:26,68.37,7295,2992,1.53,4256,974.82,Low,Round Robin,Static
01-01-2024 01:27,61,7484,1298,6.59,2905,957.53,Medium,ASB-Dynamic-CapsNet,Static
01-01-2024 01:28,80.98,5621,2472,5.47,4014,857.53,Low,ASB-Dynamic-CapsNet,Dynamic
01-01-2024 01:29,47.78,3067,1992,9.04,1724,20.84,Low,ASB-Dynamic-CapsNet,Dynamic
01-01-2024 01:30,19.57,2174,1983,7.4,1240,886.87,High,Priority-Based,Static
01-01-2024 01:31,67.06,3183,897,5.34,2442,84.31,Medium,Round Robin,Static
01-01-2024 01:32,70.86,3880,117,4.33,1971,852.68,Low,Priority-Based,Dynamic
01-01-2024 01:33,54.9,1239,143,4.34,4439,287.37,Medium,ASB-Dynamic-CapsNet,Static
01-01-2024 01:34,71.68,2045,254,2.65,2742,613.97,High,Round Robin,Dynamic
01-01-2024 01:35,49.5,5064,3548,0.66,4483,47.69,High,Priority-Based,Dynamic
01-01-2024 01:36,51.82,2759,4938,5.96,1877,773.47,High,Priority-Based,Static
01-01-2024 01:37,44.2,1635,4180,2.52,2549,120.59,Low,FCFS,Static
01-01-2024 01:38,12.03,5627,1525,2.48,766,416.58,High,Priority-Based,Static
01-01-2024 01:39,18.63,7447,4420,1.69,680,819.27,Medium,ASB-Dynamic-CapsNet,Static
01-01-2024 01:40,12.51,7120,4412,2.3,4910,698.4,High,ASB-Dynamic-CapsNet,Dynamic
01-01-2024 01:41,60.91,1373,3739,0.8,134,15.98,Low,Priority-Based,Static
01-01-2024 01:42,35.15,5055,4226,6.91,3818,409,High,FCFS,Dynamic
01-01-2024 01:43,50.69,2800,1992,4.31,786,51.51,Low,FCFS,Dynamic
01-01-2024 01:44,82.61,6145,997,5.83,2757,676.76,Medium,FCFS,Dynamic
01-01-2024 01:45,29.94,1251,3524,6.55,276,969.26,High,Priority-Based,Dynamic
01-01-2024 01:46,42.83,6057,4640,9.74,3407,658.71,High,Priority-Based,Dynamic
01-01-2024 01:47,70.44,6373,1358,1.15,1357,232.13,Medium,FCFS,Static
01-01-2024 01:48,28.3,7624,2115,4.47,4254,361.68,Medium,Priority-Based,Static
01-01-2024 01:49,16.16,1353,4933,2.84,4280,976.88,Low,Round Robin,Dynamic
01-01-2024 01:50,33.18,4232,1802,5.03,4436,231.81,High,ASB-Dynamic-CapsNet,Static
01-01-2024 01:51,22.9,2783,973,9.24,4008,565.91,High,Priority-Based,Static
01-01-2024 01:52,84.38,1829,665,7.38,1702,406.45,High,Round Robin,Dynamic
01-01-2024 01:53,74.65,977,2118,6.79,1917,770.63,High,Priority-Based,Dynamic
01-01-2024 01:54,60.67,3226,1985,4.69,76,868.72,Medium,Round Robin,Static
01-01-2024 01:55,79.72,3591,2223,6.88,4699,347.43,High,FCFS,Dynamic
01-01-2024 01:56,74.29,6859,4742,0.81,982,663.79,High,ASB-Dynamic-CapsNet,Static
01-01-2024 01:57,24.93,7498,2414,6.07,3508,553.56,High,Priority-Based,Static
01-01-2024 01:58,81.4,4730,4512,5.76,516,285.66,Low,Round Robin,Dynamic
01-01-2024 01:59,53.15,7548,3983,3.79,2750,279.22,Low,Round Robin,Static
01-01-2024 02:00,74.6,5748,3292,2.41,1548,543.25,Low,FCFS,Static
01-01-2024 02:01,81.69,5005,1959,8.17,667,162.46,Medium,ASB-Dynamic-CapsNet,Dynamic
01-01-2024 02:02,35.44,6041,124,1.01,3827,812.7,Medium,ASB-Dynamic-CapsNet,Dynamic
01-01-2024 02:03,18.8,5913,3603,1.16,4603,78.31,Medium,ASB-Dynamic-CapsNet,Static
01-01-2024 02:04,28.23,1769,4355,4.68,2737,103.63,High,Round Robin,Dynamic
01-01-2024 02:05,44.17,6175,1237,2.9,1554,348.8,High,Priority-Based,Static
01-01-2024 02:06,75.44,4681,1289,7.58,4017,126.91,Medium,Priority-Based,Dynamic
01-01-2024 02:07,78.86,3103,4898,6.52,229,480.94,Low,FCFS,Dynamic
01-01-2024 02:08,10.56,6461,4196,7.84,2635,405.68,High,ASB-Dynamic-CapsNet,Static
01-01-2024 02:09,50.86,1969,3257,3.58,2119,724.59,Low,Priority-Based,Static
01-01-2024 02:10,43.39,877,2467,7.53,4908,953.47,High,Round Robin,Static
01-01-2024 02:11,27.77,2180,4577,8.69,971,756.02,High,Round Robin,Dynamic
01-01-2024 02:12,19.59,5670,1841,3.78,3142,187.65,Low,ASB-Dynamic-CapsNet,Static
01-01-2024 02:13,37.01,741,3788,3.73,4890,936.17,Medium,FCFS,Dynamic
01-01-2024 02:14,85.43,7961,3846,9.05,1560,398.21,Low,FCFS,Dynamic
01-01-2024 02:15,35.86,1419,997,0.97,3649,479.45,Medium,ASB-Dynamic-CapsNet,Static
01-01-2024 02:16,51.5,6182,4123,3.83,3326,427.36,Medium,Round Robin,Static
01-01-2024 02:17,66.24,6909,816,1.63,2769,287.74,High,FCFS,Dynamic
01-01-2024 02:18,39.09,7787,4067,0.78,4782,896.09,High,Round Robin,Static
01-01-2024 02:19,87.74,7355,4121,1.57,1073,338.92,High,Round Robin,Dynamic
01-01-2024 02:20,87,5867,3315,4.6,201,582.81,Medium,Priority-Based,Dynamic
01-01-2024 02:21,30.14,569,490,7.03,62,247.63,Medium,FCFS,Dynamic
01-01-2024 02:22,49.78,4424,3984,3.25,764,799.4,Low,Round Robin,Static
01-01-2024 02:23,34.07,6700,1799,8.57,3200,776.46,High,Priority-Based,Dynamic
01-01-2024 02:24,32.79,6001,3137,4.66,3675,303.35,High,Round Robin,Dynamic
01-01-2024 02:25,12.95,2586,332,9.7,298,684.74,Medium,ASB-Dynamic-CapsNet,Static
01-01-2024 02:26,58.77,2507,2026,9.56,1194,706.83,High,FCFS,Static
01-01-2024 02:27,50.21,1300,3231,7.85,4532,566.89,Medium,Round Robin,Static
01-01-2024 02:28,14.12,5637,3406,9.36,4584,604.59,Low,FCFS,Dynamic
01-01-2024 02:29,32.29,3279,2824,7.22,3393,578.71,Low,Priority-Based,Static
01-01-2024 02:30,82.66,5420,4901,9.01,770,91.05,High,FCFS,Dynamic
01-01-2024 02:31,29.16,1255,333,2.75,4618,673.56,Low,Round Robin,Dynamic
01-01-2024 02:32,21.59,6995,1491,3.78,3279,475.08,High,FCFS,Dynamic
01-01-2024 02:33,49.16,2495,2992,7.65,1056,444.07,High,ASB-Dynamic-CapsNet,Static
01-01-2024 02:34,88.85,6435,1355,4.53,4778,861.4,Medium,ASB-Dynamic-CapsNet,Dynamic
01-01-2024 02:35,29.36,1821,2638,8.45,3348,32.99,Medium,Priority-Based,Dynamic
01-01-2024 02:36,63.77,2830,3790,8.84,2518,258.8,High,Round Robin,Static
01-01-2024 02:37,70.93,6205,989,3.35,4169,130.19,Low,FCFS,Dynamic
01-01-2024 02:38,29.01,609,4787,8.32,3863,44.99,Low,Priority-Based,Static
01-01-2024 02:39,68.26,1516,845,1.97,587,282.92,High,Priority-Based,Static
01-01-2024 02:40,39.42,7847,1819,3.67,2874,988.59,High,Round Robin,Static
01-01-2024 02:41,60.58,6557,527,5.42,2735,277.53,Low,FCFS,Static
01-01-2024 02:42,60.68,7187,831,2.65,2030,667.07,Low,Priority-Based,Dynamic
01-01-2024 02:43,52.86,6365,899,6,589,127.12,Medium,Priority-Based,Dynamic
01-01-2024 02:44,17.22,4365,4397,6,3934,605.83,Medium,Round Robin,Dynamic
01-01-2024 02:45,76.82,524,935,2.47,4103,984.64,Low,Round Robin,Dynamic
01-01-2024 02:46,35.66,5438,234,8.06,3249,298.92,Medium,Priority-Based,Static
01-01-2024 02:47,24.92,3338,2638,6.5,4566,849.59,Medium,FCFS,Dynamic
01-01-2024 02:48,13.26,1237,3818,3.52,533,997.6,High,Priority-Based,Static
01-01-2024 02:49,57.27,6700,140,2.71,1078,592.67,Medium,ASB-Dynamic-CapsNet,Dynamic
01-01-2024 02:50,64.21,679,3467,8.85,101,316.31,Medium,Round Robin,Dynamic
01-01-2024 02:51,11.33,731,2515,8.44,292,676.8,High,ASB-Dynamic-CapsNet,Static
01-01-2024 02:52,50.97,2417,2140,2.68,1736,846.4,Low,FCFS,Dynamic
01-01-2024 02:53,28.12,842,4439,0.84,2871,179.64,Medium,Round Robin,Dynamic
01-01-2024 02:54,61.61,5072,3049,8.14,1890,457.99,Medium,FCFS,Static
01-01-2024 02:55,23.95,6418,4361,6.35,474,326,Low,ASB-Dynamic-CapsNet,Dynamic
01-01-2024 02:56,65.28,3123,3566,1.46,2177,290.53,Medium,FCFS,Dynamic
01-01-2024 02:57,40.94,954,3188,6.08,744,862.21,Low,Round Robin,Dynamic
01-01-2024 02:58,84.94,5851,4923,4.8,403,427.44,High,ASB-Dynamic-CapsNet,Static
01-01-2024 02:59,21,4884,1215,7.86,3740,345.69,Low,Round Robin,Static
01-01-2024 03:00,37.29,5832,4678,2.49,1739,607.48,Low,ASB-Dynamic-CapsNet,Dynamic
01-01-2024 03:01,19.08,6901,2690,4.8,342,227.21,Low,Priority-Based,Dynamic
01-01-2024 03:02,83.98,5125,3673,1.98,766,237.59,High,FCFS,Dynamic
01-01-2024 03:03,80.19,7330,3078,9.6,4674,525.09,Low,FCFS,Static
01-01-2024 03:04,30.64,7572,2547,7.9,4625,415.18,Low,Round Robin,Dynamic
01-01-2024 03:05,62.8,2776,1330,7.5,4622,302.03,High,Priority-Based,Static
01-01-2024 03:06,75.38,7893,2766,7.06,4170,63.41,Medium,Round Robin,Static
01-01-2024 03:07,54.42,1095,4954,4.52,2528,525.57,Medium,Round Robin,Dynamic
01-01-2024 03:08,52.37,4374,4358,9.27,2414,818.44,Low,ASB-Dynamic-CapsNet,Static
01-01-2024 03:09,29.35,5030,2694,1.19,687,852.86,High,Priority-Based,Static
01-01-2024 03:10,17.45,5477,3530,8.13,2455,243.09,High,ASB-Dynamic-CapsNet,Static
01-01-2024 03:11,81.78,7664,3017,2.54,1349,603.64,Low,Round Robin,Static
01-01-2024 03:12,82.03,6377,3052,3.58,3998,857.32,Low,ASB-Dynamic-CapsNet,Static
01-01-2024 03:13,60.65,4997,2095,5.43,739,414.64,Medium,ASB-Dynamic-CapsNet,Dynamic
01-01-2024 03:14,37.12,3169,3991,7.94,4489,932.82,Medium,FCFS,Static
01-01-2024 03:15,37.94,2635,406,8.47,2656,903.95,Low,Priority-Based,Static
01-01-2024 03:16,68.08,7227,1462,6.05,761,216.05,High,FCFS,Static
01-01-2024 03:17,81.77,4464,2202,4.33,2660,266.38,Low,Priority-Based,Static
01-01-2024 03:18,80.97,2065,3130,9.49,488,188.64,High,FCFS,Static
01-01-2024 03:19,72.39,808,432,2.84,3583,204.09,Medium,Round Robin,Dynamic
01-01-2024 03:20,61.36,7549,2852,8.13,3928,908.78,Low,FCFS,Dynamic
01-01-2024 03:21,16.73,842,342,6.31,3391,931.83,High,Priority-Based,Static
01-01-2024 03:22,22.93,935,1984,4.08,3142,61.38,Medium,Priority-Based,Dynamic
01-01-2024 03:23,81.88,676,1532,0.51,4288,597.67,Low,Priority-Based,Static
01-01-2024 03:24,58.51,638,2650,4.74,1833,568.59,Low,FCFS,Dynamic
01-01-2024 03:25,10.74,693,402,3.13,917,396.64,Medium,ASB-Dynamic-CapsNet,Dynamic
01-01-2024 03:26,18.12,3757,4430,1.49,1538,635.38,Low,FCFS,Static
01-01-2024 03:27,63.08,7885,3209,1.21,517,947.89,Medium,ASB-Dynamic-CapsNet,Static
01-01-2024 03:28,10.4,3735,2286,3.8,3971,178.55,High,FCFS,Static
01-01-2024 03:29,22.86,5780,4390,6.34,1467,129.21,Low,Round Robin,Static
01-01-2024 03:30,53.9,1442,1650,8.46,1826,43.06,Medium,Round Robin,Dynamic
01-01-2024 03:31,65.35,5120,1892,2.24,1131,370.19,Medium,FCFS,Static
01-01-2024 03:32,62.16,4379,746,4.53,4986,344.25,High,FCFS,Dynamic
01-01-2024 03:33,27.94,6220,4756,4.22,2975,436.51,Low,FCFS,Static
01-01-2024 03:34,66.97,3613,812,5.38,4134,508.28,Medium,Round Robin,Static
01-01-2024 03:35,28.98,3462,4608,8.19,4111,760.25,Medium,ASB-Dynamic-CapsNet,Dynamic
01-01-2024 03:36,36.03,6853,637,5.76,1061,398.19,Medium,Priority-Based,Static
01-01-2024 03:37,69.72,5336,334,8.54,863,337.31,Low,ASB-Dynamic-CapsNet,Static
01-01-2024 03:38,61.97,5457,2496,5.43,3996,828.61,Low,FCFS,Dynamic
01-01-2024 03:39,77.94,7942,1604,6.24,2366,851.3,High,Round Robin,Dynamic
01-01-2024 03:40,62.61,1453,1474,4.66,2193,240.44,High,Priority-Based,Static
01-01-2024 03:41,55.46,1802,4611,8.32,322,321.53,High,ASB-Dynamic-CapsNet,Dynamic
01-01-2024 03:42,17.49,5870,2009,9.28,3694,826.87,Low,FCFS,Static
01-01-2024 03:43,39.42,3881,1015,6.57,1766,88.61,Medium,Round Robin,Dynamic
01-01-2024 03:44,31.22,6339,4058,8.3,3025,332.59,Low,Round Robin,Static
01-01-2024 03:45,29.52,3380,180,1.06,4150,453.87,Low,Priority-Based,Dynamic
01-01-2024 03:46,87.84,2687,2183,9.11,406,195.2,Low,ASB-Dynamic-CapsNet,Dynamic
01-01-2024 03:47,41.45,5387,2788,2.29,253,188.12,High,Round Robin,Dynamic
01-01-2024 03:48,81.36,1045,1790,2.94,3795,430.61,Medium,FCFS,Static
01-01-2024 03:49,60.49,6440,856,1.01,1646,756.98,Low,FCFS,Static
01-01-2024 03:50,73.58,5612,2770,9.67,546,841.83,High,Priority-Based,Static
01-01-2024 03:51,50.21,2427,3851,8.59,4847,979.44,Low,ASB-Dynamic-CapsNet,Dynamic
01-01-2024 03:52,56.15,6149,3652,9.18,4982,83.24,Medium,Round Robin,Dynamic
01-01-2024 03:53,49.4,4652,567,8.55,112,224.52,High,Priority-Based,Dynamic
01-01-2024 03:54,25.62,6755,1594,5.06,1629,759.06,Low,ASB-Dynamic-CapsNet,Dynamic
01-01-2024 03:55,67.8,504,1119,9.28,4384,545.19,High,ASB-Dynamic-CapsNet,Static
01-01-2024 03:56,32.46,3981,1001,9.71,589,334.4,Medium,Round Robin,Dynamic
01-01-2024 03:57,11.95,6033,772,5.27,4343,213.53,Medium,Priority-Based,Dynamic
01-01-2024 03:58,61.64,3753,538,2.17,4926,287.67,High,Priority-Based,Static
01-01-2024 03:59,24.17,7680,4322,6.76,4175,435,Low,Priority-Based,Static
01-01-2024 04:00,85.24,1862,2176,9.77,2763,185.38,Medium,Priority-Based,Dynamic
01-01-2024 04:01,86.31,2320,544,8.79,1130,964.58,Medium,ASB-Dynamic-CapsNet,Dynamic
01-01-2024 04:02,83.19,5878,1065,8.69,1905,116.51,Low,Priority-Based,Dynamic
01-01-2024 04:03,39.61,6733,3890,9.37,3554,985.72,High,Priority-Based,Static
01-01-2024 04:04,11.24,3163,563,8.99,3429,843.47,High,Round Robin,Dynamic
01-01-2024 04:05,84.27,3438,2298,7.87,1648,428.92,Low,FCFS,Dynamic
01-01-2024 04:06,44.25,7341,2387,7.32,1678,742.42,Medium,ASB-Dynamic-CapsNet,Dynamic
01-01-2024 04:07,87.33,1773,3865,3.02,3228,674.8,Medium,Round Robin,Static
01-01-2024 04:08,87.09,3826,3276,6.4,2697,221.15,Low,Round Robin,Dynamic
01-01-2024 04:09,78.24,4159,4108,5.45,3422,345.68,Low,Round Robin,Static
01-01-2024 04:10,33.56,3445,3604,8.69,1119,517.99,High,ASB-Dynamic-CapsNet,Static
01-01-2024 04:11,40.81,3518,1012,5.17,2826,641.47,High,FCFS,Static
01-01-2024 04:12,78.09,1631,596,1.71,1242,547.47,Low,ASB-Dynamic-CapsNet,Static
01-01-2024 04:13,35.35,5263,1563,0.55,863,478.26,Medium,Priority-Based,Static
01-01-2024 04:14,23.56,7237,4353,6.94,1202,448.72,High,FCFS,Dynamic
01-01-2024 04:15,54.54,3136,4367,5.72,2805,503.28,Low,ASB-Dynamic-CapsNet,Dynamic
01-01-2024 04:16,84.89,7128,593,3.64,1933,440.01,Medium,ASB-Dynamic-CapsNet,Static
01-01-2024 04:17,65.68,3529,1526,2.11,317,545.92,High,Priority-Based,Static
01-01-2024 04:18,55.6,3519,1792,4.93,3721,889.11,Low,ASB-Dynamic-CapsNet,Dynamic
01-01-2024 04:19,17.77,5877,1893,1.45,2862,636.5,Low,FCFS,Static
01-01-2024 04:20,59.2,7282,2823,3.69,4730,725.39,Medium,Round Robin,Dynamic
01-01-2024 04:21,89.2,5592,758,4.1,4135,601.51,Medium,ASB-Dynamic-CapsNet,Dynamic
01-01-2024 04:22,21.21,6522,4861,4.92,433,646.59,Low,ASB-Dynamic-CapsNet,Static
01-01-2024 04:23,51.47,4877,4562,4.93,4006,582.57,Medium,FCFS,Dynamic
01-01-2024 04:24,80.19,7629,649,2.94,2900,36.6,Low,ASB-Dynamic-CapsNet,Dynamic
01-01-2024 04:25,69.26,3659,742,8.58,4575,999.6,Medium,Round Robin,Dynamic
01-01-2024 04:26,65.76,5823,4450,3.88,3461,43.27,Medium,Priority-Based,Static
01-01-2024 04:27,66.2,6659,307,2.68,1099,401.2,High,Priority-Based,Dynamic
01-01-2024 04:28,38.76,7818,2597,2.17,1883,114.06,High,Priority-Based,Dynamic
01-01-2024 04:29,33.49,5531,4290,3.56,847,105.96,Medium,Round Robin,Dynamic
01-01-2024 04:30,74.75,753,1983,1.14,4517,795.59,Low,Priority-Based,Static
01-01-2024 04:31,74.81,5807,2986,0.81,3025,431.67,Medium,FCFS,Static
01-01-2024 04:32,79.37,828,577,6.25,1340,803.13,High,FCFS,Static
01-01-2024 04:33,83.06,3091,861,6.38,2237,280.06,Low,Round Robin,Static
01-01-2024 04:34,50.91,3330,289,5.53,116,263.9,Medium,Round Robin,Dynamic
01-01-2024 04:35,50.12,3544,855,7.74,1442,258.72,Medium,Round Robin,Dynamic
01-01-2024 04:36,73.86,1920,1546,0.87,4041,619.98,Medium,FCFS,Dynamic
01-01-2024 04:37,62,6136,1763,9.39,3071,816.85,Medium,Round Robin,Dynamic
01-01-2024 04:38,66.16,3901,1935,1.4,1751,457.74,High,Round Robin,Static
01-01-2024 04:39,73.66,3392,4328,6.9,628,385.46,High,Priority-Based,Static
01-01-2024 04:40,81.2,5788,4250,1.77,1655,973.84,High,Round Robin,Static
01-01-2024 04:41,37.04,6312,4160,8.86,4093,125.59,High,ASB-Dynamic-CapsNet,Dynamic
01-01-2024 04:42,40.05,7009,4705,5.35,2028,491.77,Low,Priority-Based,Static
01-01-2024 04:43,17.52,5797,4865,1.28,4555,414.4,Low,FCFS,Static
01-01-2024 04:44,56.26,1154,3712,6.36,2930,107.15,Low,FCFS,Dynamic
01-01-2024 04:45,12.88,5981,1789,0.59,2720,275.52,Medium,FCFS,Dynamic
01-01-2024 04:46,47.25,1259,1416,7.87,3766,38.16,Low,Priority-Based,Dynamic
01-01-2024 04:47,53.41,7282,4929,6.68,4985,878.18,High,FCFS,Static
01-01-2024 04:48,32.92,2298,3286,2.52,4334,611.77,High,Priority-Based,Dynamic
01-01-2024 04:49,57.27,5659,4120,4.06,4422,816.87,Medium,Priority-Based,Static
01-01-2024 04:50,12.44,3471,4454,0.57,2204,526.34,Low,ASB-Dynamic-CapsNet,Static
01-01-2024 04:51,12.99,5011,1245,7.09,2854,603.51,Medium,ASB-Dynamic-CapsNet,Dynamic
01-01-2024 04:52,75.81,3926,4494,3.57,2270,703.85,Medium,ASB-Dynamic-CapsNet,Static
01-01-2024 04:53,38.82,754,660,5.93,4039,908.93,Low,ASB-Dynamic-CapsNet,Static
01-01-2024 04:54,20.16,5762,2012,9.59,1048,100.83,Medium,ASB-Dynamic-CapsNet,Dynamic
01-01-2024 04:55,51.78,4323,1964,3.34,771,337.64,Low,FCFS,Static
01-01-2024 04:56,71.6,2376,396,9.91,1264,711.94,Low,FCFS,Static
01-01-2024 04:57,27.27,3257,2509,6.51,1743,958.77,Medium,FCFS,Static
01-01-2024 04:58,59.83,3124,2736,2.8,3444,981,High,ASB-Dynamic-CapsNet,Dynamic
01-01-2024 04:59,16.83,5495,1561,4.65,4075,641.72,Low,Round Robin,Static
01-01-2024 05:00,14.13,6654,4392,7.53,3629,201.66,High,FCFS,Dynamic
01-01-2024 05:01,52.51,4621,2368,4.74,2853,128.02,High,FCFS,Dynamic
01-01-2024 05:02,53.25,3504,1094,1.15,2280,946.58,Low,Round Robin,Static
01-01-2024 05:03,60.99,5016,107,2.1,4862,439.59,High,ASB-Dynamic-CapsNet,Dynamic
01-01-2024 05:04,68.09,4234,2691,8.02,508,202.87,Medium,Priority-Based,Static
01-01-2024 05:05,88.07,1744,2615,6.66,1751,934.55,Medium,Round Robin,Dynamic
01-01-2024 05:06,51.3,6472,4515,5.91,676,113.48,High,Round Robin,Dynamic
01-01-2024 05:07,35.84,7139,1517,2.09,2506,732.28,Medium,FCFS,Static
01-01-2024 05:08,73.61,5856,2416,8.46,256,629.01,Low,FCFS,Dynamic
01-01-2024 05:09,31.67,6880,4032,9.63,3366,96.86,Low,ASB-Dynamic-CapsNet,Static
01-01-2024 05:10,45.12,1508,1387,0.89,1406,345.36,High,Priority-Based,Static
01-01-2024 05:11,16.28,4814,2944,1.24,4818,158.43,Medium,Priority-Based,Static
01-01-2024 05:12,12.03,2010,1218,8.9,3646,608.45,High,Round Robin,Static
01-01-2024 05:13,87.01,2459,652,8.25,1989,482.34,Medium,ASB-Dynamic-CapsNet,Static
01-01-2024 05:14,76.88,3008,760,6.37,2845,14.23,Low,Priority-Based,Dynamic
01-01-2024 05:15,65.68,5258,815,9.48,4418,975.95,Medium,Round Robin,Static
01-01-2024 05:16,42.72,3182,3685,6.64,2723,356.09,Medium,FCFS,Static
01-01-2024 05:17,23.86,7811,3861,2.55,1099,265.62,High,Priority-Based,Static
01-01-2024 05:18,22.51,1489,2629,7.42,2641,230.22,Low,Round Robin,Static
01-01-2024 05:19,30.02,4784,4070,6.63,3839,167.23,Medium,Priority-Based,Dynamic
01-01-2024 05:20,53.94,754,3507,9.86,4054,999.15,Low,ASB-Dynamic-CapsNet,Dynamic
01-01-2024 05:21,67.17,4663,1558,2.53,140,302.16,Medium,Round Robin,Dynamic
01-01-2024 05:22,62.82,5211,3367,6.18,525,411.46,Low,ASB-Dynamic-CapsNet,Dynamic
01-01-2024 05:23,32.39,6979,954,7.91,2096,872.64,Medium,Round Robin,Static
01-01-2024 05:24,86.39,7314,4860,3.72,4871,645.47,Low,FCFS,Static
01-01-2024 05:25,69.03,7464,3637,4.11,3740,375.01,Medium,Priority-Based,Static
01-01-2024 05:26,54.35,5469,1997,8.94,4075,899.35,Low,FCFS,Static
01-01-2024 05:27,58.94,6943,372,4.34,3316,752.23,Medium,ASB-Dynamic-CapsNet,Static
01-01-2024 05:28,43.57,6221,4187,6.43,4679,235.62,Medium,Priority-Based,Static
01-01-2024 05:29,29.82,4952,1372,8.95,2795,647.3,Low,FCFS,Static
01-01-2024 05:30,38.48,755,4474,2.49,134,923.17,High,Round Robin,Static
01-01-2024 05:31,70.63,1507,4119,9.83,2689,501.5,Medium,Round Robin,Static
01-01-2024 05:32,11.15,6996,915,7.17,4986,736.28,Medium,FCFS,Static
01-01-2024 05:33,19.29,2255,4471,5.21,126,971.39,High,Priority-Based,Dynamic
01-01-2024 05:34,13.68,3071,1022,4.59,2480,693.51,Medium,ASB-Dynamic-CapsNet,Dynamic
01-01-2024 05:35,13.26,4408,4837,9.57,3554,111.41,Low,Round Robin,Static
01-01-2024 05:36,78.44,3497,4700,2.45,2474,252.11,High,ASB-Dynamic-CapsNet,Static
01-01-2024 05:37,66.29,3303,4967,3.46,2271,599.15,Medium,Priority-Based,Dynamic
01-01-2024 05:38,47.93,4265,1364,3.42,455,282.8,Low,Priority-Based,Static
01-01-2024 05:39,17.83,4879,3824,3.25,2179,957.97,Low,Round Robin,Static
01-01-2024 05:40,49.33,3883,2887,4.95,4166,411.3,High,ASB-Dynamic-CapsNet,Static
01-01-2024 05:41,47.88,598,2822,9.9,447,462.66,High,Priority-Based,Static
01-01-2024 05:42,23.86,696,4323,8.94,1850,704.59,High,ASB-Dynamic-CapsNet,Static
01-01-2024 05:43,44.71,3029,2650,3.62,3523,529.01,Low,Round Robin,Dynamic
01-01-2024 05:44,41.88,1377,3049,4.52,1858,388.32,Medium,Round Robin,Static
01-01-2024 05:45,59.27,7893,1773,6.86,3976,85.87,Low,Priority-Based,Dynamic
01-01-2024 05:46,60.81,2368,4687,0.66,1994,600.48,Low,Priority-Based,Static
01-01-2024 05:47,13.62,7258,3192,8.29,487,868.9,High,ASB-Dynamic-CapsNet,Static
01-01-2024 05:48,39.97,3165,2938,8.86,272,688.9,Medium,Priority-Based,Static
01-01-2024 05:49,60.07,1888,1766,8.64,1660,387.68,Low,Round Robin,Dynamic
01-01-2024 05:50,50.25,2915,4611,4.06,2010,136.45,High,Priority-Based,Dynamic
01-01-2024 05:51,78.52,1069,2295,4.89,4654,818.17,High,FCFS,Static
01-01-2024 05:52,62.7,3137,1484,0.62,4050,942.33,Medium,Round Robin,Dynamic
01-01-2024 05:53,23.03,7742,4503,4.29,2714,394.39,Medium,ASB-Dynamic-CapsNet,Dynamic
01-01-2024 05:54,15.65,1565,4054,4.87,1115,731.36,High,Priority-Based,Dynamic
01-01-2024 05:55,61.39,921,2999,9.12,1326,416.66,Medium,Priority-Based,Static
01-01-2024 05:56,12.12,3383,160,8.99,653,507.24,Medium,Round Robin,Dynamic
01-01-2024 05:57,56.86,1704,4047,9.68,238,838.11,Low,Round Robin,Dynamic
01-01-2024 05:58,85.22,1044,2390,8.91,725,92.59,Medium,ASB-Dynamic-CapsNet,Dynamic
01-01-2024 05:59,56.04,4666,572,0.58,687,535.03,High,Round Robin,Static
01-01-2024 06:00,41.05,4139,1058,6.59,2046,222.47,Medium,ASB-Dynamic-CapsNet,Dynamic
01-01-2024 06:01,61.46,7772,632,1.15,1894,346.41,Low,Priority-Based,Dynamic
01-01-2024 06:02,46.66,1723,593,3.09,96,647.98,Medium,ASB-Dynamic-CapsNet,Static
01-01-2024 06:03,53.65,3672,181,5.99,869,36.96,Low,ASB-Dynamic-CapsNet,Static
01-01-2024 06:04,85.32,1267,3070,7.16,3857,597.89,Medium,ASB-Dynamic-CapsNet,Static
01-01-2024 06:05,40.89,6950,111,6.72,3072,290.61,Medium,Priority-Based,Dynamic
01-01-2024 06:06,86.9,4157,4644,0.97,1130,672.79,High,FCFS,Static
01-01-2024 06:07,82.43,6302,861,1.48,3196,150.17,High,FCFS,Static
01-01-2024 06:08,25.66,7020,3285,1.72,1327,738.45,Medium,ASB-Dynamic-CapsNet,Dynamic
01-01-2024 06:09,15.55,1154,125,1.37,3784,649.18,Medium,Round Robin,Static
01-01-2024 06:10,18.06,7321,1906,2.19,2267,971.53,Low,FCFS,Dynamic
01-01-2024 06:11,11.46,2946,4257,7.04,2936,912.12,Low,Priority-Based,Static
01-01-2024 06:12,17.56,6392,4424,8.39,845,290.47,High,ASB-Dynamic-CapsNet,Static
01-01-2024 06:13,64.64,720,4802,4.38,3378,37.04,Medium,FCFS,Dynamic
01-01-2024 06:14,15.7,4166,3759,7.08,3056,658.81,Medium,Priority-Based,Dynamic
01-01-2024 06:15,35.52,4777,1625,2.4,3234,606.86,Low,ASB-Dynamic-CapsNet,Dynamic
01-01-2024 06:16,77.59,4902,860,9.75,2439,37.15,Medium,FCFS,Dynamic
01-01-2024 06:17,11.86,3069,694,3.82,4193,131.45,Medium,ASB-Dynamic-CapsNet,Static
01-01-2024 06:18,75.16,6015,1155,8.54,3908,588.85,Medium,FCFS,Static
01-01-2024 06:19,32.55,1513,1954,9.48,1268,912.71,Low,FCFS,Dynamic
01-01-2024 06:20,19.45,2551,3183,8.71,1810,907.44,Low,Round Robin,Static
01-01-2024 06:21,65.74,7506,4016,1.14,774,159.97,Low,FCFS,Dynamic
01-01-2024 06:22,60.32,4485,3775,6.68,1394,390.73,Medium,Round Robin,Static
01-01-2024 06:23,80.2,5443,2148,1.64,187,52.77,Low,Priority-Based,Dynamic
01-01-2024 06:24,68.81,5399,1558,0.55,4500,474.58,High,FCFS,Dynamic
01-01-2024 06:25,74.28,7948,1319,0.99,4956,755.55,High,ASB-Dynamic-CapsNet,Dynamic
01-01-2024 06:26,32.56,4810,4328,9.2,3604,792.07,Low,Round Robin,Dynamic
01-01-2024 06:27,24.2,3519,4281,9.13,2809,504,Low,FCFS,Static
01-01-2024 06:28,70.05,4181,1599,2.65,108,104.91,Medium,Round Robin,Dynamic
01-01-2024 06:29,74.55,1943,1930,5.7,820,387.55,Low,ASB-Dynamic-CapsNet,Dynamic
01-01-2024 06:30,89.24,4696,3495,9.57,438,932.78,Low,ASB-Dynamic-CapsNet,Static
01-01-2024 06:31,43.01,3510,1303,5.22,3974,237.32,High,ASB-Dynamic-CapsNet,Static
01-01-2024 06:32,39.76,1072,4370,4.24,3472,326.56,High,Priority-Based,Dynamic
01-01-2024 06:33,72.11,1832,2910,5.09,4484,749.36,High,Priority-Based,Static
01-01-2024 06:34,37.26,5253,3192,8.01,4902,736.24,High,ASB-Dynamic-CapsNet,Static
01-01-2024 06:35,84.46,7582,3144,5.03,645,913.08,Low,Priority-Based,Dynamic
01-01-2024 06:36,78.67,4502,4773,7.94,485,394.24,High,Priority-Based,Dynamic
01-01-2024 06:37,44.32,6129,3614,4.6,1523,519.45,Medium,Priority-Based,Dynamic
01-01-2024 06:38,70.07,3634,1898,2.89,4522,472.72,Medium,Priority-Based,Static
01-01-2024 06:39,70.36,6252,2675,3.6,2032,928.47,Low,Priority-Based,Static
01-01-2024 06:40,18.25,4586,244,1.24,2488,771.64,Medium,Priority-Based,Static
01-01-2024 06:41,82.2,725,4957,5.23,2918,833.13,High,ASB-Dynamic-CapsNet,Dynamic
01-01-2024 06:42,50.42,4700,4026,1.91,4259,141.77,High,Priority-Based,Dynamic
01-01-2024 06:43,76.12,2497,1477,8.21,3867,793.93,Medium,Priority-Based,Static
01-01-2024 06:44,35.6,1271,3246,4.5,823,438.65,Low,Round Robin,Dynamic
01-01-2024 06:45,81.64,7922,1925,7.77,1976,33.11,High,Round Robin,Static
01-01-2024 06:46,41.14,5024,893,9.57,2269,69.49,High,Priority-Based,Static
01-01-2024 06:47,10.87,933,1701,8.57,67,681.13,Medium,FCFS,Dynamic
01-01-2024 06:48,82.43,5826,4514,9.54,4380,378.29,Low,FCFS,Dynamic
01-01-2024 06:49,17.3,3599,1210,5.9,4016,869.43,Low,Priority-Based,Static
01-01-2024 06:50,35.55,3229,4153,2.07,1742,736.93,Medium,ASB-Dynamic-CapsNet,Dynamic
01-01-2024 06:51,86,3907,4893,9.39,2820,31.46,High,ASB-Dynamic-CapsNet,Dynamic
01-01-2024 06:52,86.05,7231,4037,8.75,4426,690.02,Medium,Round Robin,Dynamic
01-01-2024 06:53,55.88,3640,4063,8.71,4976,200.43,Medium,ASB-Dynamic-CapsNet,Dynamic
01-01-2024 06:54,60.55,1365,882,7.09,3317,428.36,Medium,ASB-Dynamic-CapsNet,Dynamic
01-01-2024 06:55,45.88,3293,1216,6.44,1188,628.49,High,ASB-Dynamic-CapsNet,Dynamic
01-01-2024 06:56,33.46,7834,1850,0.64,1745,873.99,High,Priority-Based,Static
01-01-2024 06:57,36.29,3411,2676,7.61,1636,461.54,Medium,Priority-Based,Dynamic
01-01-2024 06:58,63.8,2915,4127,1.37,4563,810.41,Low,FCFS,Static
01-01-2024 06:59,70.19,750,3436,2.97,2381,785.14,Medium,Round Robin,Static
01-01-2024 07:00,73.33,7502,4487,5.74,4730,420.39,High,FCFS,Static
01-01-2024 07:01,73.17,5451,1587,4.79,2719,505.97,Low,ASB-Dynamic-CapsNet,Dynamic
01-01-2024 07:02,17.3,4257,3975,0.65,2318,703.48,Low,ASB-Dynamic-CapsNet,Static
01-01-2024 07:03,49.55,5789,3731,8.33,2106,40.84,High,FCFS,Dynamic
01-01-2024 07:04,14.6,7757,4292,8.85,4977,891.9,High,FCFS,Static
01-01-2024 07:05,53.96,5156,4058,6.98,2472,772.12,Medium,Priority-Based,Static
01-01-2024 07:06,45.32,6065,3497,5.64,4679,256.92,High,Priority-Based,Static
01-01-2024 07:07,81.02,6937,173,9.63,3536,981.37,Low,Round Robin,Dynamic
01-01-2024 07:08,38.07,1418,1459,1.64,2799,187.6,Medium,Priority-Based,Static
01-01-2024 07:09,19.37,1673,1191,7.51,4091,914.95,Medium,ASB-Dynamic-CapsNet,Static
01-01-2024 07:10,21.44,3703,4953,1.72,2874,331.23,Low,ASB-Dynamic-CapsNet,Dynamic
01-01-2024 07:11,70.92,932,2041,4.13,1455,765.52,High,FCFS,Static
01-01-2024 07:12,59.46,6702,3248,6.06,1936,461.81,Medium,Round Robin,Static
01-01-2024 07:13,18.09,5564,4403,7.5,3037,739.1,Low,Priority-Based,Static
01-01-2024 07:14,16.73,1335,1344,0.54,3625,164.23,Low,Round Robin,Static
01-01-2024 07:15,66.08,2746,1385,2.98,4592,276.81,Low,ASB-Dynamic-CapsNet,Static
01-01-2024 07:16,15.82,2762,4605,5.61,2777,108.86,High,ASB-Dynamic-CapsNet,Static
01-01-2024 07:17,75.75,1397,3136,5.56,4770,866.49,High,Priority-Based,Dynamic
01-01-2024 07:18,66.5,4132,870,6.56,1913,303.33,High,Priority-Based,Static
01-01-2024 07:19,16.51,5067,1943,3.39,2403,697.53,High,Priority-Based,Dynamic
01-01-2024 07:20,16.79,4315,173,5.64,2946,822.02,Low,FCFS,Dynamic
01-01-2024 07:21,88.93,746,1760,2.3,4877,902.4,Medium,ASB-Dynamic-CapsNet,Dynamic
01-01-2024 07:22,39.94,2929,4449,2.28,2551,115.23,Low,FCFS,Dynamic
01-01-2024 07:23,39.65,1490,919,5.98,987,894.08,Medium,ASB-Dynamic-CapsNet,Static
01-01-2024 07:24,75.02,3810,3918,7.01,2130,205.28,Medium,Priority-Based,Static
01-01-2024 07:25,85.78,1426,431,1.64,1805,739.53,Medium,ASB-Dynamic-CapsNet,Dynamic
01-01-2024 07:26,88.88,3938,1521,1.67,3440,731.56,High,ASB-Dynamic-CapsNet,Dynamic
01-01-2024 07:27,70.27,5787,3755,5.87,1266,18.42,Low,Round Robin,Static
01-01-2024 07:28,40.1,3107,1791,3.07,1253,228.42,Medium,ASB-Dynamic-CapsNet,Static
01-01-2024 07:29,16.68,1574,4650,4.23,1940,496.99,Low,ASB-Dynamic-CapsNet,Static
01-01-2024 07:30,72.17,6430,4508,4.31,3081,425.83,High,Round Robin,Dynamic
01-01-2024 07:31,54.67,4522,327,2.2,440,919.39,Medium,Priority-Based,Dynamic
01-01-2024 07:32,43.94,4299,2981,0.51,2561,366.14,High,Round Robin,Dynamic
01-01-2024 07:33,82.51,5284,2965,8.6,3027,937.61,High,Priority-Based,Static
01-01-2024 07:34,18.9,7023,2675,7.29,3796,464.84,Low,Priority-Based,Dynamic
01-01-2024 07:35,49.41,7117,4622,7.06,148,964.71,Medium,Priority-Based,Dynamic
01-01-2024 07:36,10.91,3651,564,5.69,2245,739.98,High,ASB-Dynamic-CapsNet,Static
01-01-2024 07:37,47.49,7340,377,7.16,4715,831.04,Low,Round Robin,Static
01-01-2024 07:38,14.5,3938,4214,9.39,4872,113.83,Medium,Round Robin,Static
01-01-2024 07:39,19.51,6080,165,6.82,1051,590.28,Medium,Round Robin,Static
01-01-2024 07:40,19.4,7554,4362,3.02,1620,151.27,High,Round Robin,Static
01-01-2024 07:41,61.94,5555,502,5.92,4448,304.64,High,FCFS,Dynamic
01-01-2024 07:42,69.68,5073,4083,4.7,3679,627.33,High,ASB-Dynamic-CapsNet,Dynamic
01-01-2024 07:43,56.67,7647,4604,5.79,1113,728.96,High,FCFS,Static
01-01-2024 07:44,86.97,7569,3578,5.42,688,48.79,Medium,ASB-Dynamic-CapsNet,Dynamic
01-01-2024 07:45,39.99,3991,3544,8.66,2792,535.63,High,Round Robin,Static
01-01-2024 07:46,32.86,1206,4792,6.69,1192,569.66,High,FCFS,Dynamic
01-01-2024 07:47,79.49,7881,4519,2.29,2170,88.04,High,Priority-Based,Static
01-01-2024 07:48,27.89,7497,3139,1.1,601,505.68,Medium,Round Robin,Static
01-01-2024 07:49,87.06,5733,1537,4.53,3325,716.7,Low,Round Robin,Dynamic
01-01-2024 07:50,10.97,3564,528,0.65,1026,62.7,Low,Priority-Based,Static
01-01-2024 07:51,87.59,1253,2782,3.52,4241,762.67,Medium,Round Robin,Static
01-01-2024 07:52,13.45,7146,2877,4,3400,580.66,Low,ASB-Dynamic-CapsNet,Static
01-01-2024 07:53,81.29,6255,3478,4.07,3264,834.89,Medium,Round Robin,Dynamic
01-01-2024 07:54,52.22,7460,492,9.8,3597,225.88,High,ASB-Dynamic-CapsNet,Dynamic
01-01-2024 07:55,89.44,1087,4641,3.39,2981,834.94,Low,ASB-Dynamic-CapsNet,Static
01-01-2024 07:56,15.9,1834,441,3.02,4119,103.62,Medium,Round Robin,Dynamic
01-01-2024 07:57,54.31,6088,232,1.73,4035,409.79,Medium,Priority-Based,Dynamic
01-01-2024 07:58,87.54,2347,364,5.35,4191,207.49,High,ASB-Dynamic-CapsNet,Static
01-01-2024 07:59,51.85,7351,4288,1.96,395,877.26,Medium,FCFS,Dynamic
01-01-2024 08:00,60.35,4434,1785,6.35,4992,707.87,Low,ASB-Dynamic-CapsNet,Static
01-01-2024 08:01,65.66,7711,1534,1.97,2992,35.11,High,Priority-Based,Static
01-01-2024 08:02,46.36,4426,1760,5.98,1126,19.43,Medium,Round Robin,Static
01-01-2024 08:03,60.2,3817,3917,8.35,1221,298.34,High,Priority-Based,Static
01-01-2024 08:04,56.75,4520,2454,0.9,3820,151.85,Medium,Priority-Based,Dynamic
01-01-2024 08:05,82.09,3655,365,4.49,3211,634,Low,Round Robin,Static
01-01-2024 08:06,13.64,4802,4841,4.88,282,667.16,Low,FCFS,Dynamic
01-01-2024 08:07,32.48,2698,1236,8.02,3848,942.53,High,FCFS,Dynamic
01-01-2024 08:08,86.03,7311,4649,4.95,4196,952.52,Medium,ASB-Dynamic-CapsNet,Dynamic
01-01-2024 08:09,81.22,7171,1490,5.89,4810,662.31,High,ASB-Dynamic-CapsNet,Static
01-01-2024 08:10,46.45,664,1212,8.02,3957,15.62,High,FCFS,Static
01-01-2024 08:11,59.61,7560,2334,5.82,3749,365.41,Low,Round Robin,Static
01-01-2024 08:12,32.19,2498,2966,3.9,500,518.01,High,Priority-Based,Static
01-01-2024 08:13,25.05,7812,3168,1.32,1412,504.19,Medium,Round Robin,Static
01-01-2024 08:14,47.1,3557,2279,7.43,400,607.31,Low,Priority-Based,Static
01-01-2024 08:15,38.27,2584,734,8.78,2746,960.95,Medium,Priority-Based,Static
01-01-2024 08:16,56.69,4928,3731,9.72,1358,886.34,High,FCFS,Dynamic
01-01-2024 08:17,16.22,902,1499,9.3,4054,117.82,Low,FCFS,Dynamic
01-01-2024 08:18,87.95,913,4886,8.08,2975,273.32,Medium,Round Robin,Static
01-01-2024 08:19,88.9,544,2839,6.61,4728,834.78,Medium,Priority-Based,Static
01-01-2024 08:20,65.85,6849,3270,7.92,294,826.06,High,Round Robin,Dynamic
01-01-2024 08:21,52.89,4657,1965,4.6,4695,282.62,Medium,ASB-Dynamic-CapsNet,Static
01-01-2024 08:22,34.76,2967,2055,6.15,4873,733.28,High,FCFS,Dynamic
01-01-2024 08:23,75.1,1367,4777,3.81,4784,675.32,High,FCFS,Dynamic
01-01-2024 08:24,64.78,6087,2318,3.6,4729,478.79,High,Priority-Based,Static
01-01-2024 08:25,23.01,7463,1489,7.69,2323,209.44,High,FCFS,Static
01-01-2024 08:26,82.87,518,4979,4.81,490,889.76,Low,Round Robin,Dynamic
01-01-2024 08:27,75.8,864,3230,2.52,3595,681.07,Medium,Priority-Based,Dynamic
01-01-2024 08:28,85.98,7967,4376,2.42,1517,177.3,Medium,Priority-Based,Static
01-01-2024 08:29,68.06,7674,4214,8.66,461,707.75,Low,ASB-Dynamic-CapsNet,Dynamic
01-01-2024 08:30,59.07,4332,1349,6.94,863,744.02,High,Round Robin,Static
01-01-2024 08:31,43.46,7071,3266,5.69,4391,888.01,High,Priority-Based,Static
01-01-2024 08:32,84.62,5736,1345,4.31,4728,230.61,High,FCFS,Static
01-01-2024 08:33,79.29,1079,153,4.59,1780,988.87,High,FCFS,Static
01-01-2024 08:34,13.62,1045,3010,1.05,2024,161.86,Low,Priority-Based,Dynamic
01-01-2024 08:35,12.11,6325,2496,4.82,599,604.68,Medium,FCFS,Static
01-01-2024 08:36,40.12,6968,542,8.06,1987,660.6,High,Priority-Based,Static
01-01-2024 08:37,74.84,4650,4775,4.19,253,424.76,High,Priority-Based,Dynamic
01-01-2024 08:38,88.98,5373,3711,4.14,4496,480.29,High,Priority-Based,Dynamic
01-01-2024 08:39,22.03,3539,4477,0.65,4464,892,Medium,FCFS,Dynamic
01-01-2024 08:40,57.53,4637,2507,4.85,3638,648.82,Medium,FCFS,Static
01-01-2024 08:41,40.47,5916,922,0.74,2586,502.03,Low,Round Robin,Dynamic
01-01-2024 08:42,87.59,4544,3802,5.92,156,137.07,Medium,ASB-Dynamic-CapsNet,Dynamic
01-01-2024 08:43,77.37,4826,3039,5.31,3861,17.26,Medium,FCFS,Static
01-01-2024 08:44,77.07,952,4836,8.48,2751,133.72,High,Priority-Based,Dynamic
01-01-2024 08:45,47.5,4461,1131,6.03,3947,956.62,Medium,FCFS,Dynamic
01-01-2024 08:46,43.19,7037,2116,3.57,2269,766.45,High,FCFS,Dynamic
01-01-2024 08:47,31.87,6141,662,5.4,3986,967.45,Low,Priority-Based,Dynamic
01-01-2024 08:48,14.51,1881,2638,7.15,4140,45.35,High,Round Robin,Static
01-01-2024 08:49,79.18,1967,440,1.39,1007,683.42,Low,Priority-Based,Static
01-01-2024 08:50,75.03,5747,4667,6.4,2625,53.85,Medium,Round Robin,Static
01-01-2024 08:51,89.98,3238,3875,9.21,2417,784.24,Low,FCFS,Dynamic
01-01-2024 08:52,89.73,7035,2396,3.34,1110,387.14,High,Priority-Based,Dynamic
01-01-2024 08:53,54.43,1716,334,6.45,2596,104.81,Medium,FCFS,Dynamic
01-01-2024 08:54,71.52,7247,1216,8.3,3786,572.37,Medium,Priority-Based,Static
01-01-2024 08:55,85.58,1380,2008,5.36,3816,287.32,High,FCFS,Dynamic
01-01-2024 08:56,77.97,4314,1517,7.32,1722,662.98,Medium,FCFS,Static
01-01-2024 08:57,29.79,3649,1391,3.45,451,661.59,High,FCFS,Static
01-01-2024 08:58,46.04,584,3588,3.41,651,707.96,Low,Priority-Based,Dynamic
01-01-2024 08:59,20.33,5649,4827,6.84,3049,992.54,Low,Round Robin,Dynamic
01-01-2024 09:00,86.32,4644,3754,7.2,4363,392.83,Medium,FCFS,Dynamic
01-01-2024 09:01,58.49,1668,628,9.4,4331,470.66,High,Priority-Based,Static
01-01-2024 09:02,28.29,4664,3424,2.64,3502,806.57,High,Priority-Based,Dynamic
01-01-2024 09:03,63.74,3629,2080,4.95,3684,582.59,Low,FCFS,Dynamic
01-01-2024 09:04,59.45,7340,3039,2.88,337,46.88,High,FCFS,Dynamic
01-01-2024 09:05,38.65,4145,1429,1.26,137,844.65,Medium,Round Robin,Dynamic
01-01-2024 09:06,19.08,3026,1333,4.33,2255,60.98,Medium,FCFS,Dynamic
01-01-2024 09:07,63.73,3367,1853,4.05,3017,179.11,Low,Round Robin,Static
01-01-2024 09:08,51.62,4016,2900,3.07,4300,111.06,High,ASB-Dynamic-CapsNet,Dynamic
01-01-2024 09:09,71.79,3867,3033,3.32,3584,87.15,Medium,Priority-Based,Static
01-01-2024 09:10,51.61,6297,2859,3.92,269,35.43,Medium,Round Robin,Static
01-01-2024 09:11,78.17,7838,2875,9.89,1532,64.48,Medium,FCFS,Dynamic
01-01-2024 09:12,54.15,6194,3587,7.94,3288,448.01,High,Round Robin,Static
01-01-2024 09:13,54.88,2694,3950,1.18,371,260.32,Low,FCFS,Static
01-01-2024 09:14,80.13,4055,2627,8.79,2788,135.27,Low,Round Robin,Dynamic
01-01-2024 09:15,42.28,7973,990,6.52,4986,662.12,Medium,Priority-Based,Static
01-01-2024 09:16,20.72,6465,2165,8.96,1886,233.85,Low,Round Robin,Static
01-01-2024 09:17,12.3,5611,1288,3.75,2609,28.76,Medium,ASB-Dynamic-CapsNet,Static
01-01-2024 09:18,70.41,7252,4397,4.91,1618,424.24,Medium,Priority-Based,Static
01-01-2024 09:19,59.62,945,840,9.01,2372,317.33,High,Round Robin,Dynamic
01-01-2024 09:20,66.33,6864,1469,3.09,4770,325.42,Medium,ASB-Dynamic-CapsNet,Static
01-01-2024 09:21,27.04,4126,1489,9.2,3013,450.82,Medium,ASB-Dynamic-CapsNet,Dynamic
01-01-2024 09:22,20.91,4516,2100,8.37,402,672.22,High,Round Robin,Static
01-01-2024 09:23,11.16,4375,1571,9.82,1078,620.31,High,Priority-Based,Static
01-01-2024 09:24,38.05,5997,1636,3.58,4620,937.89,Low,Round Robin,Dynamic
01-01-2024 09:25,57.19,3837,418,2.74,2059,522.54,High,Priority-Based,Static
01-01-2024 09:26,41.38,6738,2364,3.64,977,477.84,Medium,Priority-Based,Static
01-01-2024 09:27,45,761,1994,9.57,79,221.28,High,Round Robin,Dynamic
01-01-2024 09:28,82.33,2348,3811,3.66,2590,757.83,High,ASB-Dynamic-CapsNet,Dynamic
01-01-2024 09:29,37.86,5492,4919,5.87,3869,149.37,Low,Priority-Based,Dynamic
01-01-2024 09:30,51.12,5690,2922,4.33,544,496.22,High,FCFS,Dynamic
01-01-2024 09:31,72.69,4525,4608,4.26,4533,427.11,Medium,FCFS,Dynamic
01-01-2024 09:32,41.72,2766,1375,2.34,922,661.72,Medium,ASB-Dynamic-CapsNet,Dynamic
01-01-2024 09:33,59.77,6152,3183,5.6,884,918.45,Medium,ASB-Dynamic-CapsNet,Dynamic
01-01-2024 09:34,78.99,591,500,8.57,3374,947.13,High,Round Robin,Dynamic
01-01-2024 09:35,85.96,4722,823,0.97,679,176.12,High,Priority-Based,Static
01-01-2024 09:36,21.77,4675,2429,8.95,3036,269.2,Medium,Round Robin,Dynamic
01-01-2024 09:37,84.13,6443,1235,6.82,79,813.52,High,FCFS,Static
01-01-2024 09:38,49.37,3809,2870,6.36,3832,523.1,Low,FCFS,Static
01-01-2024 09:39,30.66,1482,4946,6.45,856,458.5,Low,Priority-Based,Static
01-01-2024 09:40,46.73,3943,367,3.31,2018,713.52,Low,Priority-Based,Dynamic
01-01-2024 09:41,88.4,5511,669,4.44,3518,605.91,Low,FCFS,Dynamic
01-01-2024 09:42,49.41,3033,2656,8.09,3630,971.01,Medium,Round Robin,Static
01-01-2024 09:43,36.3,1193,2073,3.41,2010,588.13,High,Priority-Based,Dynamic
01-01-2024 09:44,60.67,4620,645,4.97,4389,471.31,Low,Round Robin,Dynamic
01-01-2024 09:45,29.21,655,2922,0.69,270,547.39,Medium,Priority-Based,Dynamic
01-01-2024 09:46,16.07,4088,4560,7.47,1393,810.45,Low,ASB-Dynamic-CapsNet,Dynamic
01-01-2024 09:47,20.31,7275,4742,4.47,4676,616.55,High,Round Robin,Static
01-01-2024 09:48,20.24,2312,370,5.49,2312,650.58,Low,FCFS,Dynamic
01-01-2024 09:49,22.15,6149,838,1.59,2464,971.72,Low,ASB-Dynamic-CapsNet,Static
01-01-2024 09:50,21.11,6562,1357,9.92,2211,622.21,Low,Round Robin,Dynamic
01-01-2024 09:51,61.27,6329,158,3.37,4170,386.48,Low,Priority-Based,Static
01-01-2024 09:52,24.55,5676,4281,6.53,3031,694.41,High,FCFS,Static
01-01-2024 09:53,37.65,6224,4958,6.02,907,662.86,Medium,Priority-Based,Dynamic
01-01-2024 09:54,81.74,4614,489,7.96,822,23.71,Low,Round Robin,Dynamic
01-01-2024 09:55,47.92,1907,818,3.29,2542,472.66,Medium,ASB-Dynamic-CapsNet,Static
01-01-2024 09:56,63.4,1716,4344,7.68,69,745.47,High,Round Robin,Static
01-01-2024 09:57,23.79,6880,4778,4.13,855,504.05,High,FCFS,Dynamic
01-01-2024 09:58,25.38,1910,220,4.41,1430,781.82,Low,ASB-Dynamic-CapsNet,Dynamic
01-01-2024 09:59,13.27,3997,2752,6.89,2225,456.37,Medium,FCFS,Dynamic
01-01-2024 10:00,23.51,4872,2403,7.95,2455,983.49,Low,Priority-Based,Dynamic
01-01-2024 10:01,32.29,7894,4961,6.84,3413,299.96,High,ASB-Dynamic-CapsNet,Static
01-01-2024 10:02,24.16,5340,3011,9.05,3476,101.2,Low,Round Robin,Dynamic
01-01-2024 10:03,17.1,1051,899,3.21,930,435.71,Low,Priority-Based,Dynamic
01-01-2024 10:04,19.65,3894,3480,9.06,3158,546.29,Medium,Priority-Based,Dynamic
01-01-2024 10:05,46.86,1676,2206,1.74,1383,355.6,High,Round Robin,Static
01-01-2024 10:06,26.51,5234,1209,6.77,1734,249.86,Low,Priority-Based,Dynamic
01-01-2024 10:07,39.14,4832,1350,5.7,3014,675.34,Low,FCFS,Static
01-01-2024 10:08,50.27,1497,2740,5.2,1655,383.35,Low,Round Robin,Dynamic
01-01-2024 10:09,65.23,4576,1749,3.45,2607,635.05,Medium,Priority-Based,Static
01-01-2024 10:10,13.14,6698,1445,5.29,493,781.28,High,ASB-Dynamic-CapsNet,Static
01-01-2024 10:11,73.95,6599,3056,2.04,2092,763.39,Low,Round Robin,Dynamic
01-01-2024 10:12,60.23,6055,2546,4.01,828,381.56,Low,Round Robin,Static
01-01-2024 10:13,16.54,3231,3464,1.44,3209,572.22,Low,Priority-Based,Static
01-01-2024 10:14,79.89,6752,584,5.93,1796,455.16,High,Round Robin,Dynamic
01-01-2024 10:15,83.67,4437,902,1.41,3990,872.1,Medium,Round Robin,Static
01-01-2024 10:16,14.89,4552,1815,2.02,470,879.97,Medium,Round Robin,Dynamic
01-01-2024 10:17,32.15,5803,2015,1.31,1901,350.3,Low,Round Robin,Dynamic
01-01-2024 10:18,74.5,5987,3583,4.12,2158,100.82,Low,Round Robin,Dynamic
01-01-2024 10:19,69.86,6602,1857,8.5,4724,175.91,Medium,Round Robin,Static
01-01-2024 10:20,24.76,5817,1909,9.12,4046,373.33,Medium,FCFS,Static
01-01-2024 10:21,26.75,5990,3107,1.18,1408,568.61,Medium,Priority-Based,Static
01-01-2024 10:22,39.64,872,3325,6.53,3960,660.22,Low,FCFS,Static
01-01-2024 10:23,48.76,7616,3595,7,2676,338.06,Low,Priority-Based,Dynamic
01-01-2024 10:24,59.46,6116,2420,5.57,2737,670.82,Medium,Round Robin,Static
01-01-2024 10:25,39.51,2748,1770,6.84,4256,938.36,Medium,Priority-Based,Dynamic
01-01-2024 10:26,47,1348,4715,2.72,540,655.49,High,FCFS,Static
01-01-2024 10:27,69.8,3056,1251,5.15,1345,166.98,Low,Priority-Based,Static
01-01-2024 10:28,12.93,5941,4847,4.21,2131,583.87,High,Round Robin,Static
01-01-2024 10:29,30.19,2822,2323,1.35,3421,546.48,Medium,Round Robin,Dynamic
01-01-2024 10:30,67.07,6854,2767,6.44,2222,871.99,Low,Round Robin,Dynamic
01-01-2024 10:31,81.62,1003,310,5.2,3224,356.8,Low,FCFS,Dynamic
01-01-2024 10:32,50.93,3689,2594,3.11,4114,428.72,High,ASB-Dynamic-CapsNet,Dynamic
01-01-2024 10:33,52.57,1202,4781,5,3803,602.67,High,Round Robin,Static
01-01-2024 10:34,18.57,4125,4362,7.87,3879,529.18,High,Round Robin,Static
01-01-2024 10:35,45.79,6685,2607,8.12,1999,721.83,High,Priority-Based,Static
01-01-2024 10:36,52.61,814,3063,6.67,3430,49.99,Low,ASB-Dynamic-CapsNet,Static
01-01-2024 10:37,29.4,7431,3528,4.94,461,567.88,Medium,Priority-Based,Dynamic
01-01-2024 10:38,31.54,2876,3475,5.97,1472,130.46,Medium,FCFS,Dynamic
01-01-2024 10:39,40.18,1540,4055,4.16,3031,322.06,Medium,ASB-Dynamic-CapsNet,Dynamic
01-01-2024 10:40,11.61,4878,3805,1.7,1726,665.01,High,Round Robin,Static
01-01-2024 10:41,35.77,3490,3505,4.16,1696,165.84,Medium,ASB-Dynamic-CapsNet,Static
01-01-2024 10:42,26.92,757,4138,5.54,2761,315.75,High,Round Robin,Static
01-01-2024 10:43,36.2,1074,1152,6.19,4009,705.98,High,FCFS,Static
01-01-2024 10:44,19.58,5169,813,9.39,1289,654.3,Medium,Priority-Based,Static
01-01-2024 10:45,81.24,7255,2988,7.88,652,100.13,Medium,FCFS,Static
01-01-2024 10:46,57.49,5638,787,1.94,1987,581.5,Medium,FCFS,Static
01-01-2024 10:47,64.33,2052,429,2.15,75,155.78,Low,Round Robin,Dynamic
01-01-2024 10:48,73.13,7480,1846,1.45,4729,259.75,High,Priority-Based,Dynamic
01-01-2024 10:49,49.88,5018,1307,7.51,1117,464.62,Low,FCFS,Static
01-01-2024 10:50,16.95,6085,2242,7.21,429,118.25,Medium,ASB-Dynamic-CapsNet,Static
01-01-2024 10:51,52.97,5992,884,9.87,1334,993.71,Low,FCFS,Static
01-01-2024 10:52,56.95,1257,2796,5.46,4514,173.72,Low,Round Robin,Static
01-01-2024 10:53,69.64,3310,3920,8.35,3232,783.5,Medium,ASB-Dynamic-CapsNet,Dynamic
01-01-2024 10:54,44.53,1604,3818,5.98,3797,831.54,Medium,ASB-Dynamic-CapsNet,Dynamic
01-01-2024 10:55,20.21,6170,2793,8.8,2306,994.52,High,Priority-Based,Static
01-01-2024 10:56,32.7,7067,725,7.35,3977,434.37,High,ASB-Dynamic-CapsNet,Dynamic
01-01-2024 10:57,39.05,5024,4334,6.61,4170,875.35,Low,ASB-Dynamic-CapsNet,Dynamic
01-01-2024 10:58,61.67,3959,3808,5.87,595,957.96,Medium,Round Robin,Static
01-01-2024 10:59,55.66,6617,861,7.37,324,181.17,High,Priority-Based,Dynamic
01-01-2024 11:00,38.49,4492,4079,4.49,3491,484.64,High,FCFS,Static
01-01-2024 11:01,88.92,703,3629,1.42,2319,69.41,Low,ASB-Dynamic-CapsNet,Static
01-01-2024 11:02,58.46,6839,1655,0.88,3158,624.52,Low,FCFS,Static
01-01-2024 11:03,28.98,3275,3733,5.05,2972,585.59,Low,FCFS,Static
01-01-2024 11:04,18.14,2832,775,6.19,3437,212.09,Medium,FCFS,Dynamic
01-01-2024 11:05,22.23,2492,4287,1.25,1920,799.92,High,Priority-Based,Static
01-01-2024 11:06,29.68,2743,136,3.23,4063,46.9,High,FCFS,Static
01-01-2024 11:07,22.85,806,3936,3.56,160,808.17,High,Round Robin,Dynamic
01-01-2024 11:08,24.93,2187,1887,5.85,1805,36.38,Low,Priority-Based,Static
01-01-2024 11:09,32.81,4609,2827,3.15,4853,660.26,Medium,Priority-Based,Dynamic
01-01-2024 11:10,23.87,2360,3980,1.41,1417,87.98,Low,Priority-Based,Dynamic
01-01-2024 11:11,81.74,7813,1994,2.07,1578,258.71,Low,Priority-Based,Static
01-01-2024 11:12,16.42,2461,236,2.15,601,724.69,Medium,ASB-Dynamic-CapsNet,Static
01-01-2024 11:13,51.96,5676,3176,8.51,183,287.6,Medium,ASB-Dynamic-CapsNet,Dynamic
01-01-2024 11:14,42.83,1222,3983,3.2,2961,516.06,Low,FCFS,Dynamic
01-01-2024 11:15,88.59,1279,761,7.29,2063,916.1,Medium,ASB-Dynamic-CapsNet,Static
01-01-2024 11:16,18.96,5829,1910,5.89,3312,59.14,Low,Priority-Based,Static
01-01-2024 11:17,41.83,1028,514,9.78,1110,812.97,High,FCFS,Static
01-01-2024 11:18,87.56,5393,442,3.09,2557,74.62,Medium,Round Robin,Static
01-01-2024 11:19,79.24,843,2829,2,2072,135.53,High,ASB-Dynamic-CapsNet,Static
01-01-2024 11:20,75.37,4286,3550,0.99,2236,128.13,Medium,Priority-Based,Static
01-01-2024 11:21,30.63,4182,3765,2.79,2715,994.16,Low,FCFS,Static
01-01-2024 11:22,23.67,5898,3837,7,3220,188.38,Low,ASB-Dynamic-CapsNet,Static
01-01-2024 11:23,63.49,708,3997,1.31,2777,897.79,Low,Priority-Based,Dynamic
01-01-2024 11:24,84.35,5236,4341,2.82,3385,991.02,Low,FCFS,Dynamic
01-01-2024 11:25,54.54,3906,4518,8.63,2696,389.95,Low,ASB-Dynamic-CapsNet,Dynamic
01-01-2024 11:26,55.73,1811,2269,6.04,645,634.74,Low,Round Robin,Dynamic
01-01-2024 11:27,32.4,2799,1978,1.16,4156,781.3,Medium,ASB-Dynamic-CapsNet,Static
01-01-2024 11:28,71.56,3836,4070,0.95,2424,398.72,Medium,Priority-Based,Static
01-01-2024 11:29,24.96,6914,4796,1.08,3471,170.2,High,Priority-Based,Static
01-01-2024 11:30,35.89,2447,4670,9.45,2328,439.43,Medium,Round Robin,Dynamic
01-01-2024 11:31,44.03,1419,2717,8.57,1214,774.17,Medium,Round Robin,Dynamic
01-01-2024 11:32,50.61,6319,1615,8.53,667,782.96,High,FCFS,Static
01-01-2024 11:33,29.39,2544,674,9.28,4910,238.23,High,FCFS,Dynamic
01-01-2024 11:34,19.19,918,4542,5.3,4194,183.22,Low,Priority-Based,Static
01-01-2024 11:35,58.85,2249,2967,2.85,500,921.36,High,ASB-Dynamic-CapsNet,Static
01-01-2024 11:36,33.09,3342,3644,4.31,1848,53.56,High,Round Robin,Dynamic
01-01-2024 11:37,56.5,7878,4577,7.33,4636,737.39,Medium,FCFS,Dynamic
01-01-2024 11:38,22.35,5984,171,8.82,1942,55.96,Low,Priority-Based,Static
01-01-2024 11:39,48.49,1599,2668,4.63,2504,839.52,High,Priority-Based,Dynamic
01-01-2024 11:40,52.61,3892,3537,5.59,2272,906.36,Low,Priority-Based,Static
01-01-2024 11:41,14.15,3272,3080,9.35,3858,304.44,Low,Round Robin,Static
01-01-2024 11:42,36.93,2980,1217,1.52,1334,83.2,High,Round Robin,Static
01-01-2024 11:43,20.75,6752,2486,8.69,2577,485.88,High,Round Robin,Static
01-01-2024 11:44,15.07,7284,3608,2.01,1807,305.48,High,ASB-Dynamic-CapsNet,Dynamic
01-01-2024 11:45,89.2,2045,1459,5.1,272,422.96,High,Round Robin,Static
01-01-2024 11:46,35.79,1570,4859,2.58,4414,668.34,Low,Priority-Based,Dynamic
01-01-2024 11:47,74.79,7022,1615,6.23,950,217.73,Medium,Round Robin,Static
01-01-2024 11:48,30.37,2350,139,5.81,2415,363.38,Low,ASB-Dynamic-CapsNet,Dynamic
01-01-2024 11:49,64.52,5715,1482,4.11,4530,784.74,Low,ASB-Dynamic-CapsNet,Static
01-01-2024 11:50,70.82,5553,2130,8.7,1659,647.32,Low,Priority-Based,Static
01-01-2024 11:51,57.65,4698,2721,6.77,4771,333.01,High,FCFS,Dynamic
01-01-2024 11:52,47.73,3439,2000,7.35,3340,667.66,High,Round Robin,Static
01-01-2024 11:53,42.95,7497,2317,1.93,1273,767.66,Medium,Round Robin,Static
01-01-2024 11:54,37.91,5765,4896,8.89,1957,596.56,Medium,ASB-Dynamic-CapsNet,Static
01-01-2024 11:55,84.36,2403,4706,2.09,1412,247.1,Medium,ASB-Dynamic-CapsNet,Static
01-01-2024 11:56,76.45,7694,1383,2.62,2801,10.24,Low,FCFS,Dynamic
01-01-2024 11:57,87.2,6351,683,1.72,4019,804.82,Medium,ASB-Dynamic-CapsNet,Dynamic
01-01-2024 11:58,19.94,7173,558,4.68,1318,824.41,Low,ASB-Dynamic-CapsNet,Static
01-01-2024 11:59,68.47,1178,2365,8.93,4987,700.63,High,ASB-Dynamic-CapsNet,Static
01-01-2024 12:00,85.07,6564,2766,2.9,1281,85.82,Low,ASB-Dynamic-CapsNet,Static
01-01-2024 12:01,24.5,1488,915,4.05,4118,589.37,High,FCFS,Dynamic
01-01-2024 12:02,15.32,5701,2611,8.54,1797,822.81,High,Round Robin,Static
01-01-2024 12:03,69.29,2975,346,6.37,2608,395.77,Medium,Round Robin,Dynamic
01-01-2024 12:04,55.96,2107,4925,7.64,787,206.02,High,Round Robin,Dynamic
01-01-2024 12:05,77.35,3369,516,2.53,4486,591.75,Medium,Round Robin,Dynamic
01-01-2024 12:06,21.18,2002,4563,7.31,3029,828.04,Medium,Round Robin,Dynamic
01-01-2024 12:07,73.62,2289,3817,2.66,2001,58.38,Medium,Priority-Based,Static
01-01-2024 12:08,26.13,5781,207,9.88,1831,600.98,Low,Priority-Based,Static
01-01-2024 12:09,23.09,5527,2731,5.82,579,646.74,Medium,ASB-Dynamic-CapsNet,Dynamic
01-01-2024 12:10,23.14,1925,938,7.11,4179,606.34,Medium,Priority-Based,Dynamic
01-01-2024 12:11,75.17,5657,4613,1.62,4468,653.53,High,Round Robin,Static
01-01-2024 12:12,63.22,6574,1521,2.88,1254,635.06,Low,ASB-Dynamic-CapsNet,Static
01-01-2024 12:13,51.85,7154,4878,1.83,2036,139.1,Medium,Round Robin,Static
01-01-2024 12:14,38.71,2940,4012,4.21,396,242.59,Medium,Round Robin,Static
01-01-2024 12:15,80.18,2542,355,3.2,1265,622.8,Medium,ASB-Dynamic-CapsNet,Dynamic
01-01-2024 12:16,41.4,7356,2927,7.46,2818,27.52,High,Round Robin,Static
01-01-2024 12:17,75.33,7137,937,1.53,294,638.4,High,Priority-Based,Dynamic
01-01-2024 12:18,45.13,7867,3062,7.64,2775,668.73,High,ASB-Dynamic-CapsNet,Static
01-01-2024 12:19,40.16,1778,2382,0.93,3101,246.78,Medium,FCFS,Dynamic
01-01-2024 12:20,47.01,5798,652,2.42,182,602.15,Medium,FCFS,Static
01-01-2024 12:21,34.11,3094,280,8.02,1420,538.75,Medium,FCFS,Static
01-01-2024 12:22,69.81,5189,4352,7.56,2146,268.08,Medium,Round Robin,Static
01-01-2024 12:23,50.22,2936,1577,5.03,1137,468.34,Medium,Round Robin,Static
01-01-2024 12:24,28.58,6017,670,0.97,1697,910.53,High,Round Robin,Dynamic
01-01-2024 12:25,81.97,4303,1827,6.29,1941,432.34,Medium,Round Robin,Static
01-01-2024 12:26,40.71,2705,691,4.36,1770,633.55,Low,ASB-Dynamic-CapsNet,Static
01-01-2024 12:27,53.48,1527,4616,3.51,4052,45,Medium,FCFS,Dynamic
01-01-2024 12:28,82.52,6810,2360,6.58,2310,87.02,High,Priority-Based,Dynamic
01-01-2024 12:29,59.94,4039,3047,4.65,168,90.49,Medium,ASB-Dynamic-CapsNet,Dynamic
01-01-2024 12:30,19.35,5555,447,1.38,2953,780.46,Low,FCFS,Dynamic
01-01-2024 12:31,85.19,7052,265,9.2,2858,356.75,Medium,FCFS,Static
01-01-2024 12:32,60.22,3983,4543,7.9,944,235.34,Low,ASB-Dynamic-CapsNet,Static
01-01-2024 12:33,36.79,7871,2996,1.04,1315,749.85,Low,ASB-Dynamic-CapsNet,Static
01-01-2024 12:34,21.14,2741,4593,5.49,412,178.26,High,ASB-Dynamic-CapsNet,Static
01-01-2024 12:35,73.52,6878,682,1.29,1823,254.03,Low,Priority-Based,Dynamic
01-01-2024 12:36,59.61,3265,3606,8.45,363,436.62,Medium,FCFS,Static
01-01-2024 12:37,52.68,1673,4503,6.32,1756,338.12,Low,Priority-Based,Dynamic
01-01-2024 12:38,81.51,3730,3138,2.14,3515,589.54,Medium,Priority-Based,Static
01-01-2024 12:39,73.09,3850,2945,0.7,4417,344.46,Medium,Priority-Based,Dynamic
01-01-2024 12:40,22.13,5411,2866,0.8,1839,399.02,Medium,Priority-Based,Dynamic
01-01-2024 12:41,34.94,903,4294,5.32,2443,864.26,Medium,Priority-Based,Dynamic
01-01-2024 12:42,29.88,5488,1365,7.48,3660,885.69,High,ASB-Dynamic-CapsNet,Dynamic
01-01-2024 12:43,69.52,3225,4353,1.65,3744,829.43,Medium,Priority-Based,Dynamic
01-01-2024 12:44,12.68,3882,4749,2.6,2330,866.18,High,Round Robin,Dynamic
01-01-2024 12:45,55.59,4663,4846,3.61,1039,574.03,Low,ASB-Dynamic-CapsNet,Dynamic
01-01-2024 12:46,71,587,3067,2.57,3730,649.77,Medium,FCFS,Dynamic
01-01-2024 12:47,80.14,6860,2374,4.22,2513,561.6,Low,FCFS,Static
01-01-2024 12:48,37.37,6644,2570,5.82,954,787.73,High,ASB-Dynamic-CapsNet,Dynamic
01-01-2024 12:49,75.7,1658,2390,7.01,3094,555.49,Medium,Priority-Based,Static
01-01-2024 12:50,18.85,6316,2677,9.66,3447,119.97,Medium,ASB-Dynamic-CapsNet,Dynamic
01-01-2024 12:51,77.72,5970,3760,9.34,4047,811.48,High,FCFS,Static
01-01-2024 12:52,20.2,6783,1168,5.92,4889,762.98,Low,FCFS,Static
01-01-2024 12:53,41.78,7261,2836,7.47,960,822.1,High,ASB-Dynamic-CapsNet,Dynamic
01-01-2024 12:54,73.78,6776,4929,9.53,2657,198.53,Low,Round Robin,Static
01-01-2024 12:55,21.99,6239,2050,1.29,1795,278.9,Low,Round Robin,Static
01-01-2024 12:56,28.34,4773,191,0.55,2173,302.79,Low,Round Robin,Static
01-01-2024 12:57,67.78,3357,3193,0.78,4392,513,Medium,FCFS,Dynamic
01-01-2024 12:58,67.6,1881,2319,5.85,1901,142.54,High,Round Robin,Dynamic
01-01-2024 12:59,61.29,7023,1487,7.75,4721,391.53,Medium,Round Robin,Dynamic
01-01-2024 13:00,65.52,5503,4374,3.99,3815,190.34,High,ASB-Dynamic-CapsNet,Dynamic
01-01-2024 13:01,53.42,7301,2385,5.68,1665,272.12,Low,Priority-Based,Static
01-01-2024 13:02,30.14,7093,3306,5.41,2440,709.32,Medium,Priority-Based,Static
01-01-2024 13:03,37.66,5181,3024,1.4,2812,856.26,Medium,ASB-Dynamic-CapsNet,Static
01-01-2024 13:04,24.53,7106,379,3.56,1255,32.68,Medium,Priority-Based,Static
01-01-2024 13:05,82.68,5585,1718,0.68,4076,570.24,Low,Round Robin,Dynamic
01-01-2024 13:06,56.67,5727,2887,1.55,2729,45.7,High,FCFS,Dynamic
01-01-2024 13:07,42.07,6765,470,8.21,2496,94.4,Low,Round Robin,Dynamic
01-01-2024 13:08,46.96,2564,3283,8.38,3362,708.03,Medium,ASB-Dynamic-CapsNet,Dynamic
01-01-2024 13:09,85.78,5815,3934,8.12,4437,738.25,Medium,Priority-Based,Static
01-01-2024 13:10,22.27,2874,1803,7.4,2151,815.84,Low,ASB-Dynamic-CapsNet,Static
01-01-2024 13:11,56.9,817,2368,8.04,3266,479.5,Medium,ASB-Dynamic-CapsNet,Static
01-01-2024 13:12,50.47,7452,403,6.87,3719,861.21,Medium,Round Robin,Dynamic
01-01-2024 13:13,58.92,2002,3874,6.86,3080,175.17,High,Priority-Based,Static
01-01-2024 13:14,11.45,6630,1448,6.84,2574,257.22,High,FCFS,Static
01-01-2024 13:15,79.77,7919,2522,5.38,4167,143.16,High,Round Robin,Static
01-01-2024 13:16,84.57,2542,3728,3.95,3357,799.56,High,ASB-Dynamic-CapsNet,Static
01-01-2024 13:17,55.21,5098,2528,7.44,2792,236.39,High,ASB-Dynamic-CapsNet,Static
01-01-2024 13:18,65.73,2522,3133,3.34,2011,163.96,High,Priority-Based,Static
01-01-2024 13:19,83.8,618,768,5.66,4675,626.88,Medium,ASB-Dynamic-CapsNet,Dynamic
01-01-2024 13:20,66.58,1209,599,4.62,3671,86.31,Medium,ASB-Dynamic-CapsNet,Static
01-01-2024 13:21,22.2,4057,1514,3.13,150,54.45,High,Round Robin,Dynamic
01-01-2024 13:22,56.1,4640,629,9.76,1363,115.65,Low,Priority-Based,Dynamic
01-01-2024 13:23,58.54,4909,3721,2.96,3498,10.24,High,Round Robin,Dynamic
01-01-2024 13:24,43.93,3750,3556,3.44,3294,700.02,Medium,FCFS,Static
01-01-2024 13:25,68.92,917,854,2.04,1951,566.61,Low,ASB-Dynamic-CapsNet,Static
01-01-2024 13:26,84.75,3103,2447,8.32,4724,217.78,Low,Round Robin,Dynamic
01-01-2024 13:27,84.05,4354,826,6.07,1264,240.67,Low,Round Robin,Static
01-01-2024 13:28,46.07,1601,4926,6.32,3676,812.86,Medium,Priority-Based,Static
01-01-2024 13:29,19.06,4921,2749,8.3,839,506.8,Low,ASB-Dynamic-CapsNet,Static
01-01-2024 13:30,88.79,3928,2146,3.76,1416,701.54,Medium,Round Robin,Dynamic
01-01-2024 13:31,77.11,6035,2915,2.34,3673,458.23,Medium,ASB-Dynamic-CapsNet,Static
01-01-2024 13:32,19.97,6582,974,2.38,552,245.34,High,FCFS,Static
01-01-2024 13:33,83.67,7158,3379,7.46,222,970.7,Medium,ASB-Dynamic-CapsNet,Dynamic
01-01-2024 13:34,79.59,2761,3084,6.33,936,569.99,Low,ASB-Dynamic-CapsNet,Dynamic
01-01-2024 13:35,51.51,4669,2278,2.46,1467,139.67,Medium,Round Robin,Static
01-01-2024 13:36,57.3,4134,3907,1.88,3582,412.03,Medium,Priority-Based,Static
01-01-2024 13:37,41.92,6198,707,1.65,4418,336.04,High,Priority-Based,Dynamic
01-01-2024 13:38,14.38,1008,734,6.46,3479,221.95,High,Priority-Based,Dynamic
01-01-2024 13:39,36.82,2879,4679,0.5,1459,934.11,Medium,FCFS,Dynamic
01-01-2024 13:40,74.23,3664,2827,0.67,2973,882.11,Medium,FCFS,Static
01-01-2024 13:41,10.37,1187,1174,4.2,1960,207.16,Medium,Round Robin,Static
01-01-2024 13:42,36.68,5252,2014,7.07,310,358.63,High,Priority-Based,Static
01-01-2024 13:43,41.85,6138,688,7.1,3402,764.69,High,FCFS,Static
01-01-2024 13:44,52.99,1792,3331,4.59,1402,216.42,Low,Priority-Based,Static
01-01-2024 13:45,83.59,5995,2404,7.07,1549,595.65,Low,Priority-Based,Static
01-01-2024 13:46,37.71,4405,3938,5.45,4423,702.8,Low,FCFS,Dynamic
01-01-2024 13:47,37.76,3575,2073,9.78,2190,657.43,Low,Priority-Based,Static
01-01-2024 13:48,69,3709,2155,2.04,3056,709.34,High,ASB-Dynamic-CapsNet,Static
01-01-2024 13:49,46.18,7898,3580,6.21,3668,709.63,High,Round Robin,Dynamic
01-01-2024 13:50,27.97,7243,2179,5.17,872,965.16,Medium,FCFS,Dynamic
01-01-2024 13:51,46.2,6148,3152,2.35,581,353.03,Low,FCFS,Dynamic
01-01-2024 13:52,21.27,5671,4582,7.62,2870,879.8,Medium,Priority-Based,Dynamic
01-01-2024 13:53,24.11,824,1351,3.12,216,31.59,Medium,FCFS,Dynamic
01-01-2024 13:54,49.87,5587,3895,4.13,4976,295.32,High,ASB-Dynamic-CapsNet,Dynamic
01-01-2024 13:55,43.51,2493,3922,4.06,4381,58.17,Medium,Priority-Based,Dynamic
01-01-2024 13:56,83.19,4476,4402,2.82,1105,654.69,Medium,ASB-Dynamic-CapsNet,Dynamic
01-01-2024 13:57,38.99,5312,3489,4.59,1304,109.78,High,Round Robin,Dynamic
01-01-2024 13:58,56.45,3270,1880,5,4336,847.25,High,Round Robin,Static
01-01-2024 13:59,60.58,4872,2704,7.57,4057,650.13,High,ASB-Dynamic-CapsNet,Static
01-01-2024 14:00,11.05,3083,3788,7.77,4758,38.53,High,Priority-Based,Static
01-01-2024 14:01,63.08,4057,4988,2.01,1581,717.63,Low,Round Robin,Dynamic
01-01-2024 14:02,24.24,4087,1824,6.13,3578,863.41,Low,Priority-Based,Static
01-01-2024 14:03,86.89,651,2884,9.01,4092,664.51,Low,Priority-Based,Dynamic
01-01-2024 14:04,21.89,1454,3819,1.53,1022,40.22,Medium,Round Robin,Dynamic
01-01-2024 14:05,43.17,6102,1777,4.99,3874,859.34,Low,Round Robin,Dynamic
01-01-2024 14:06,16.83,4854,548,7.63,4794,735.14,High,ASB-Dynamic-CapsNet,Dynamic
01-01-2024 14:07,89.75,2871,4787,6.31,155,384.67,Low,Priority-Based,Static
01-01-2024 14:08,50.18,7660,181,1.46,1654,335.34,High,ASB-Dynamic-CapsNet,Static
01-01-2024 14:09,57.63,5464,1506,4.27,3823,485.02,Low,FCFS,Dynamic
01-01-2024 14:10,15.37,1691,1580,5.32,4337,868.43,Low,FCFS,Static
01-01-2024 14:11,70,1187,1179,9.96,1052,259.54,High,FCFS,Static
01-01-2024 14:12,26.79,809,3698,2.2,4780,109.95,High,FCFS,Dynamic
01-01-2024 14:13,81.84,7446,4614,9.83,134,865.99,Medium,Round Robin,Static
01-01-2024 14:14,26.41,2002,4283,4.07,3045,36.03,Medium,Round Robin,Static
01-01-2024 14:15,25.26,3627,3780,2.4,4873,911.89,Medium,ASB-Dynamic-CapsNet,Static
01-01-2024 14:16,12.92,7263,2803,4.43,3337,312.69,Low,Round Robin,Dynamic
01-01-2024 14:17,47.77,5068,4410,6.33,4215,513.14,Low,Round Robin,Static
01-01-2024 14:18,55.19,3867,3856,2.53,203,140.97,High,Round Robin,Static
01-01-2024 14:19,15.26,7104,1858,3.27,1511,903.23,High,FCFS,Dynamic
01-01-2024 14:20,72.04,3895,2699,8.62,2862,752.34,Medium,ASB-Dynamic-CapsNet,Static
01-01-2024 14:21,46.26,1313,2650,9.99,2069,924.91,High,Priority-Based,Static
01-01-2024 14:22,51.95,1345,3953,3.52,1147,686.4,Low,Priority-Based,Dynamic
01-01-2024 14:23,45.26,1664,2846,1.91,620,192.85,High,Priority-Based,Dynamic
01-01-2024 14:24,42.06,5262,2392,8.04,198,315.18,High,FCFS,Static
01-01-2024 14:25,54.77,6905,1601,6.2,3627,491.98,High,Round Robin,Dynamic
01-01-2024 14:26,22.42,6404,4504,1.45,2741,611.19,High,Round Robin,Static
01-01-2024 14:27,24.55,6039,330,9.49,2159,927.19,High,Priority-Based,Dynamic
01-01-2024 14:28,78.94,2267,4350,1.24,1968,390.11,Medium,Priority-Based,Dynamic
01-01-2024 14:29,85.69,5860,1298,6.44,4919,706.04,Medium,ASB-Dynamic-CapsNet,Dynamic
01-01-2024 14:30,39.86,854,214,4.53,3705,961.4,Low,FCFS,Static
01-01-2024 14:31,31.66,2372,1513,5.79,1762,160.85,Medium,Round Robin,Static
01-01-2024 14:32,61.52,2524,4506,2.53,2542,864.08,High,Priority-Based,Dynamic
01-01-2024 14:33,42.7,3317,1092,7.04,1394,426.5,Medium,Priority-Based,Dynamic
01-01-2024 14:34,12.03,4332,2447,9.62,4015,735.1,Low,ASB-Dynamic-CapsNet,Static
01-01-2024 14:35,22.49,4775,1141,4.86,1156,300.6,Medium,Round Robin,Dynamic
01-01-2024 14:36,67.28,565,111,5.47,3555,340.64,Low,Round Robin,Dynamic
01-01-2024 14:37,62.71,5415,3776,2.78,4162,36.86,Low,ASB-Dynamic-CapsNet,Dynamic
01-01-2024 14:38,12.17,5967,4925,8.97,632,971.69,Low,ASB-Dynamic-CapsNet,Static
01-01-2024 14:39,27.76,4766,3165,9.73,4400,815.32,High,Round Robin,Static
01-01-2024 14:40,28.49,4590,2136,7.97,2740,102.98,Low,ASB-Dynamic-CapsNet,Dynamic
01-01-2024 14:41,63.75,3021,3146,5.66,4706,999.51,Medium,Priority-Based,Dynamic
01-01-2024 14:42,11.58,3081,2450,9.59,2630,608.97,Medium,Round Robin,Static
01-01-2024 14:43,18.33,1890,640,1.96,369,855.19,Medium,FCFS,Static
01-01-2024 14:44,73.99,1630,2960,5.05,4365,75.99,Low,Round Robin,Dynamic
01-01-2024 14:45,24.28,2986,176,5.61,4844,395.56,Low,ASB-Dynamic-CapsNet,Dynamic
01-01-2024 14:46,62.22,1334,3167,5.17,1487,672.95,High,FCFS,Dynamic
01-01-2024 14:47,29.05,726,123,8.12,81,115.37,Low,Priority-Based,Static
01-01-2024 14:48,17.96,4015,775,6.87,764,494.01,Medium,Priority-Based,Dynamic
01-01-2024 14:49,29.45,5037,2494,1.7,1089,448.25,High,Priority-Based,Static
01-01-2024 14:50,67.78,2943,4367,3.79,458,223.88,Medium,ASB-Dynamic-CapsNet,Dynamic
01-01-2024 14:51,78.46,1227,3498,3.72,1177,307.27,High,Round Robin,Dynamic
01-01-2024 14:52,76.42,6200,2859,5.87,756,967.45,Low,ASB-Dynamic-CapsNet,Dynamic
01-01-2024 14:53,41.77,6727,588,3.27,3889,295.76,High,Round Robin,Static
01-01-2024 14:54,63.45,4186,1585,1.61,3073,221.29,Low,ASB-Dynamic-CapsNet,Static
01-01-2024 14:55,26.4,4122,3759,6.71,3709,540.85,Low,Priority-Based,Dynamic
01-01-2024 14:56,33.45,1536,3335,8.58,832,674.25,Medium,ASB-Dynamic-CapsNet,Dynamic
01-01-2024 14:57,81.71,2332,2519,9.35,2229,727.84,Low,Round Robin,Dynamic
01-01-2024 14:58,11.04,6444,3595,9.74,1228,756.7,Low,Priority-Based,Static
01-01-2024 14:59,16.84,3240,856,7.92,2456,46.46,Low,Priority-Based,Dynamic
01-01-2024 15:00,26.63,992,2624,1.83,2857,399.82,Medium,FCFS,Dynamic
01-01-2024 15:01,12.12,7935,4350,8.6,4310,776.22,Low,Round Robin,Static
01-01-2024 15:02,24.51,2048,356,4.3,2814,905.8,Medium,FCFS,Static
01-01-2024 15:03,56.64,1643,1879,7.43,2774,606.18,High,FCFS,Dynamic
01-01-2024 15:04,43.71,5565,4869,5.55,2585,61.78,Medium,FCFS,Static
01-01-2024 15:05,81.41,6996,2215,8.37,262,402.68,Medium,Priority-Based,Static
01-01-2024 15:06,75.4,7724,3448,4.54,1998,83.48,Low,FCFS,Static
01-01-2024 15:07,37.35,6683,4868,1.09,4911,751.05,Medium,Round Robin,Static
01-01-2024 15:08,30.75,4457,1572,5.79,3196,72.87,High,Round Robin,Static
01-01-2024 15:09,40.38,3907,358,2.13,1251,193.87,Medium,FCFS,Static
01-01-2024 15:10,57.22,1139,4175,9.67,1869,422.79,Low,FCFS,Static
01-01-2024 15:11,31.45,672,406,5.51,2939,468.02,High,FCFS,Static
01-01-2024 15:12,59.93,6166,1218,5.76,694,412.42,Low,FCFS,Dynamic
01-01-2024 15:13,42.75,4854,3117,9.12,2409,468.76,Low,FCFS,Dynamic
01-01-2024 15:14,54.16,4459,4441,6.43,4272,716.11,Medium,FCFS,Static
01-01-2024 15:15,44.89,1016,2880,3.38,4522,375.58,Low,ASB-Dynamic-CapsNet,Static
01-01-2024 15:16,33.56,7373,1758,3.31,4370,552.27,High,Priority-Based,Dynamic
01-01-2024 15:17,85.88,1022,286,5.26,3138,310.34,High,Priority-Based,Dynamic
01-01-2024 15:18,71.09,2417,1897,8.73,546,360.09,High,Priority-Based,Dynamic
01-01-2024 15:19,21.21,3386,1024,8.05,2066,617.66,High,FCFS,Dynamic
01-01-2024 15:20,79.48,2664,884,9.65,522,495.59,Medium,ASB-Dynamic-CapsNet,Dynamic
01-01-2024 15:21,48.99,6827,3544,1.18,1938,725.81,High,Priority-Based,Static
01-01-2024 15:22,81.56,2429,3296,3.05,3432,564.93,Medium,Round Robin,Static
01-01-2024 15:23,73.99,4445,1460,1.26,1210,805.54,Low,Priority-Based,Dynamic
01-01-2024 15:24,44.02,5735,440,7.64,2572,448.97,Low,Priority-Based,Static
01-01-2024 15:25,11.8,2709,662,1.84,4362,496.12,Medium,Priority-Based,Dynamic
01-01-2024 15:26,31.49,4283,4846,1.45,245,673.27,Low,Priority-Based,Dynamic
01-01-2024 15:27,53.33,3090,3099,5.84,2298,229.03,Low,Round Robin,Static
01-01-2024 15:28,60.68,7904,1293,4.41,4511,392.07,High,FCFS,Static
01-01-2024 15:29,30.63,5434,3210,7.29,2816,628.59,Low,Round Robin,Static
01-01-2024 15:30,21.15,4576,168,5.13,1601,38.59,Low,Round Robin,Static
01-01-2024 15:31,76.79,5685,2528,4.54,2497,442.6,Medium,FCFS,Dynamic
01-01-2024 15:32,88.75,1593,3698,4.54,4359,602.86,High,Round Robin,Static
01-01-2024 15:33,52.06,4380,2472,8.78,2438,967.7,Low,Round Robin,Dynamic
01-01-2024 15:34,23.73,2994,4656,4.25,3056,878.25,Low,Priority-Based,Static
01-01-2024 15:35,31.78,7059,943,3.67,168,287.93,Medium,Priority-Based,Static
01-01-2024 15:36,11.47,3079,673,3.72,3546,512.14,Low,FCFS,Dynamic
01-01-2024 15:37,83.14,2988,4314,2.37,1766,65.85,High,Priority-Based,Dynamic
01-01-2024 15:38,19.42,3285,2696,8.68,2933,248.35,High,FCFS,Dynamic
01-01-2024 15:39,56.12,6565,4841,1.89,4987,777.11,High,FCFS,Static
01-01-2024 15:40,31.92,7107,1578,9.13,2964,132.08,Medium,ASB-Dynamic-CapsNet,Dynamic
01-01-2024 15:41,54.33,7039,2173,3.19,1722,265.11,High,FCFS,Static
01-01-2024 15:42,62.11,3258,1613,9.04,1252,944.6,High,Round Robin,Dynamic
01-01-2024 15:43,76.38,2074,1068,8.01,1505,825.62,High,FCFS,Dynamic
01-01-2024 15:44,26.51,6176,2296,6.03,4711,784.01,High,ASB-Dynamic-CapsNet,Static
01-01-2024 15:45,10.88,7038,1611,6.86,4028,865.91,High,Round Robin,Static
01-01-2024 15:46,20.95,2873,754,3.6,2521,752.11,High,ASB-Dynamic-CapsNet,Dynamic
01-01-2024 15:47,82,4490,3092,5.96,167,129.38,Medium,Priority-Based,Dynamic
01-01-2024 15:48,79.91,5710,4750,3.28,417,521.4,High,Round Robin,Static
01-01-2024 15:49,57.79,5345,4620,4.32,3226,449.8,Low,FCFS,Static
01-01-2024 15:50,58.04,1593,392,7.76,3424,318.04,Medium,ASB-Dynamic-CapsNet,Dynamic
01-01-2024 15:51,63.2,1689,2701,2.82,3862,835.7,Low,FCFS,Dynamic
01-01-2024 15:52,24.03,3189,4626,8.47,2247,469.5,Low,Priority-Based,Static
01-01-2024 15:53,83.15,4595,4512,4.07,4961,69.69,High,Round Robin,Dynamic
01-01-2024 15:54,43.5,6857,4593,5.56,2179,282.22,Low,FCFS,Dynamic
01-01-2024 15:55,40.65,2375,1688,9.45,950,236.33,Low,Priority-Based,Static
01-01-2024 15:56,51.51,3906,695,6.97,242,888.6,Low,FCFS,Dynamic
01-01-2024 15:57,13.76,2287,2693,6.63,2820,650.96,High,Round Robin,Static
01-01-2024 15:58,23.3,7012,2223,7.26,3398,564.77,High,Priority-Based,Static
01-01-2024 15:59,69.04,4432,2043,9.22,1000,511.58,High,Priority-Based,Dynamic
01-01-2024 16:00,16.62,2107,1015,2.86,3656,653.61,Medium,ASB-Dynamic-CapsNet,Static
01-01-2024 16:01,58.25,4248,3969,6.33,307,757.33,High,Round Robin,Static
01-01-2024 16:02,29.63,548,2894,4.3,1271,558.84,High,Priority-Based,Static
01-01-2024 16:03,41.14,5671,3178,0.61,700,938.9,Low,Round Robin,Dynamic
01-01-2024 16:04,33.1,5908,1075,1.69,2368,977.07,High,FCFS,Dynamic
01-01-2024 16:05,38.45,4361,1175,3.59,4541,995.39,Low,Round Robin,Dynamic
01-01-2024 16:06,67.52,6245,3089,5.87,2475,672.7,High,ASB-Dynamic-CapsNet,Static
01-01-2024 16:07,33.77,7906,3567,8.87,972,933.29,High,Round Robin,Static
01-01-2024 16:08,55.31,2680,1551,8.02,3209,410.43,High,Round Robin,Dynamic
01-01-2024 16:09,48.08,3546,3923,5.76,447,861,High,FCFS,Dynamic
01-01-2024 16:10,63.09,3333,4032,1.2,2964,910.08,High,ASB-Dynamic-CapsNet,Static
01-01-2024 16:11,84.95,5785,2128,3.22,610,905.1,High,FCFS,Dynamic
01-01-2024 16:12,68.61,1897,462,3.98,239,832.54,High,Priority-Based,Static
01-01-2024 16:13,27.2,7016,2529,6.41,254,412.53,Low,FCFS,Dynamic
01-01-2024 16:14,12.49,6424,3732,1.12,3065,167.32,Medium,ASB-Dynamic-CapsNet,Dynamic
01-01-2024 16:15,30.98,4326,2418,5.54,4189,340.62,Medium,ASB-Dynamic-CapsNet,Dynamic
01-01-2024 16:16,57.61,5074,3185,9.06,3421,769.62,High,Round Robin,Dynamic
01-01-2024 16:17,14.11,1331,2445,7.2,3091,240.56,Medium,ASB-Dynamic-CapsNet,Static
01-01-2024 16:18,49.71,3197,3698,8.07,1755,483.49,Low,FCFS,Dynamic
01-01-2024 16:19,57.75,6210,4429,6.98,762,569.75,Low,ASB-Dynamic-CapsNet,Static
01-01-2024 16:20,36.74,5277,1831,2.46,3506,607.82,Low,Priority-Based,Static
01-01-2024 16:21,71.67,3235,126,1.55,2734,936.37,Medium,ASB-Dynamic-CapsNet,Dynamic
01-01-2024 16:22,18.53,5919,192,8.38,4456,664.88,Medium,ASB-Dynamic-CapsNet,Static
01-01-2024 16:23,16.01,581,2764,7.11,3649,788.44,Medium,FCFS,Static
01-01-2024 16:24,68.26,586,408,5.96,2371,586.06,High,Round Robin,Dynamic
01-01-2024 16:25,49.64,6868,151,2.3,3927,835.24,Low,Round Robin,Dynamic
01-01-2024 16:26,65.07,2563,418,6.23,3572,271.03,Low,FCFS,Dynamic
01-01-2024 16:27,44.79,1321,2092,0.8,4676,217.78,High,Round Robin,Dynamic
01-01-2024 16:28,29.71,662,4376,1.63,4162,927.06,Medium,Priority-Based,Dynamic
01-01-2024 16:29,75.53,4239,3991,3.46,2815,696.55,Low,Priority-Based,Dynamic
01-01-2024 16:30,73.95,7157,4842,4.72,4615,674.81,Medium,Round Robin,Static
01-01-2024 16:31,65.58,2897,4056,1.65,4956,472.62,High,FCFS,Static
01-01-2024 16:32,31.77,2432,2792,1.64,604,382.93,Medium,FCFS,Dynamic
01-01-2024 16:33,57.22,3228,3118,7.4,2190,560.13,High,Round Robin,Static
01-01-2024 16:34,38.88,4035,2124,5.91,2728,129.36,Medium,ASB-Dynamic-CapsNet,Static
01-01-2024 16:35,17.33,6446,4531,5.57,4966,460.17,High,Round Robin,Static
01-01-2024 16:36,83.39,6456,1625,4.8,633,460.81,Low,Priority-Based,Dynamic
01-01-2024 16:37,20.95,3946,1378,9.78,4991,542.95,High,Priority-Based,Dynamic
01-01-2024 16:38,86.02,5711,613,0.97,2046,638.34,Medium,ASB-Dynamic-CapsNet,Dynamic
01-01-2024 16:39,45.68,6824,4437,2.22,891,957.75,Low,Priority-Based,Dynamic